,name,info,image
0,НовогоднийподарокДракоша,"Россия, 1 шт",НовогоднийподарокДракоша.png
1,ВодкаособаяБарристерСимплМолт,"Россия, 0.5 л., 40%",ВодкаособаяБарристерСимплМолт.png
2,ВиноПиросманиКахуриГвинисМараникрасноеполусухое,"Грузия, 0.75 л., Кахети, 11.5%",ВиноПиросманиКахуриГвинисМараникрасноеполусухое.png
3,ДжинФинчМэджикАладдин,"Россия, 0.5 л., 40%",ДжинФинчМэджикАладдин.png
4,ВиноПьетрамеМонтепульчаноДАбруццоDOPкрасноеполусухое,"Италия, 0.75 л., Абруццо, 13%",ВиноПьетрамеМонтепульчаноДАбруццоDOPкрасноеполусухое.png
5,ВиноКатарсисРэдБлендкрасноесухое,"Испания, 0.75 л., Кастилья Ла Манча, 13.5%",ВиноКатарсисРэдБлендкрасноесухое.png
6,ВиноКатарсисДаркБлендкрасноесухое,"Испания, 0.75 л., Кастилья Ла Манча, 13.5%",ВиноКатарсисДаркБлендкрасноесухое.png
7,ВиноПьетрамеПиноГриджоТерредиКьетиАбруццоIGPбелоесухое,"Италия, 0.75 л., Абруццо, 12.5%",ВиноПьетрамеПиноГриджоТерредиКьетиАбруццоIGPбелоесухое.png
8,ВиноГармонияВинарияВерабелоесухое,"Босния и Герцеговина, 0.75 л., Требинье, 13.5%",ВиноГармонияВинарияВерабелоесухое.png
9,НапитокспиртнойнаосновеконьякаАраратсовкусоммеда,"Армения, 0.5 л., 30%",НапитокспиртнойнаосновеконьякаАраратсовкусоммеда.png
10,ПлодоваяалкогольнаяпродукциягранатоваяШатоАрениГранаткраснаяполусладкая,"Армения, 0.75 л., 12%",ПлодоваяалкогольнаяпродукциягранатоваяШатоАрениГранаткраснаяполусладкая.png
11,ВиноКоэльоБранкобелоесухое,"Португалия, 0.375 л., Полуостров Сетубал, 12%",ВиноКоэльоБранкобелоесухое.png
12,ВиноКоэльоБранкокрасноесухое,"Португалия, 0.375 л., Полуостров Сетубал, 13%",ВиноКоэльоБранкокрасноесухое.png
13,ВиноКоэльоБранкобелоесухое,"Португалия, 0.375 л., Полуостров Сетубал, 12%",ВиноКоэльоБранкобелоесухое.png
14,ВиноСерроНевадоСовиньонБланбелоесухое,"Чили, 0.75 л., 12.5%",ВиноСерроНевадоСовиньонБланбелоесухое.png
15,ВиноликерноеПортвейнЧашмабелый,"Узбекистан, 0.75 л., 16%",ВиноликерноеПортвейнЧашмабелый.png
16,ВиноликерноеПортвейнТашкенткрасный,"Узбекистан, 0.75 л., 16%",ВиноликерноеПортвейнТашкенткрасный.png
17,ВиноПиросманиРтвелисикрасноеполусухое,"Грузия, 0.75 л., Кахети, 12%",ВиноПиросманиРтвелисикрасноеполусухое.png
18,ВиноБетанелиАлазанскаяДолинабелоеполусладкое,"Грузия, 0.75 л., 12%",ВиноБетанелиАлазанскаяДолинабелоеполусладкое.png
19,ВиноБетанелиАлазанскаяДолинарозовоеполусладкое,"Грузия, 0.75 л., 12%",ВиноБетанелиАлазанскаяДолинарозовоеполусладкое.png
20,ВиноБетанелиАлазанскаяДолинакрасноеполусладкое,"Грузия, 0.75 л., 12%",ВиноБетанелиАлазанскаяДолинакрасноеполусладкое.png
21,ВиноРкацителиРтвелисибелоесухое,"Грузия, 0.75 л., 13%",ВиноРкацителиРтвелисибелоесухое.png
22,ВиноБетанелиСаперавикрасноесухое,"Грузия, 0.75 л., Кахети, 12%",ВиноБетанелиСаперавикрасноесухое.png
23,ВиноЭнгельшайнЛиблихбелоеполусладкое,"Германия, 0.75 л., 9.5%",ВиноЭнгельшайнЛиблихбелоеполусладкое.png
24,ВиноБарберадАстиDOCGкрасноесухое,"Италия, 0.75 л., Пьемонт, 13%",ВиноБарберадАстиDOCGкрасноесухое.png
25,ВиноПиросманиКахуриГвинисМаранибелоеполусухое,"Грузия, 0.75 л., Кахети, 12%",ВиноПиросманиКахуриГвинисМаранибелоеполусухое.png
26,ВиноАМонГранАмурбелоесухое,"Франция, 0.75 л., 11%",ВиноАМонГранАмурбелоесухое.png
27,ВиноАМонГранАмуркрасноесухое,"Франция, 0.75 л., 11%",ВиноАМонГранАмуркрасноесухое.png
28,ВиноБадагониАлазанскаяДолинабелоеполусладкое,"Грузия, 0.75 л., Кахети, 10.5%",ВиноБадагониАлазанскаяДолинабелоеполусладкое.png
29,НапитокГлинтвейнсладкий,"Германия, 1 л., 8.5%",НапитокГлинтвейнсладкий.png
30,ВиноБетанелиЦинандалибелоесухое,"Грузия, 0.75 л., Кахети, 12%",ВиноБетанелиЦинандалибелоесухое.png
31,ВиноКабернеСаперавиКахуриГвинисМараникрасноесухое,"Грузия, 0.75 л., Кахети, 12%",ВиноКабернеСаперавиКахуриГвинисМараникрасноесухое.png
32,ВиноСерроНевадоКабернеСовиньонкрасноеполусухое,"Чили, 0.75 л., Центральная Долина, 12.5%",ВиноСерроНевадоКабернеСовиньонкрасноеполусухое.png
33,ВиноАлазанскаяДолинаБадагоникрасноеполусладкое,"Грузия, 0.75 л., 10.5%",ВиноАлазанскаяДолинаБадагоникрасноеполусладкое.png
34,ВиноЛизардМюллерТургаубелоеполусухое,"Германия, 0.75 л., Рейнхессен, 11%",ВиноЛизардМюллерТургаубелоеполусухое.png
35,ВиноМучасМаносКриансакрасноесухое,"Испания, 0.75 л., Ла Манча, 13%",ВиноМучасМаносКриансакрасноесухое.png
36,ВинобезалкогольноеБонНовелькрасноеполусладкое,"Франция, 0.75 л.",ВинобезалкогольноеБонНовелькрасноеполусладкое.png
37,ВинобезалкогольноеБонНовельбелоеполусладкое,"Франция, 0.75 л.",ВинобезалкогольноеБонНовельбелоеполусладкое.png
38,ВинобезалкогольноеБонНовельгрейпфрутрозовоеполусладкое,"Франция, 0.75 л.",ВинобезалкогольноеБонНовельгрейпфрутрозовоеполусладкое.png
39,ВиноРистреттоАпулияIGTкрасноеполусухое,"Италия, 0.75 л., Апулия, 14%",ВиноРистреттоАпулияIGTкрасноеполусухое.png
40,ВиноМариЛунаСовиньонБланВердехобелоесухое,"Испания, 0.75 л., Кастилья Ла Манча, 12%",ВиноМариЛунаСовиньонБланВердехобелоесухое.png
41,ВиноВиллаСАннаТреббьяноРубиконеИГТбелоеполусухое,"Италия, 0.75 л., Эмилия-Романья, 11.5%",ВиноВиллаСАннаТреббьяноРубиконеИГТбелоеполусухое.png
42,ВиножемчужноеКашуФрешкубелоесухое,"Португалия, 0.75 л., Тежу, 11%",ВиножемчужноеКашуФрешкубелоесухое.png
43,ВиноПиноНуарДжояПеиДоккрасноесухое,"Франция, 0.75 л., Окситания, 12.5%",ВиноПиноНуарДжояПеиДоккрасноесухое.png
44,ВиножемчужноеКашуФрешкурозовоесухое,"Португалия, 0.75 л., Тежу, 11.5%",ВиножемчужноеКашуФрешкурозовоесухое.png
45,ВиноКуенМальбекБонардакрасноесухое,"Аргентина, 0.75 л., Мендоса, 13%",ВиноКуенМальбекБонардакрасноесухое.png
46,ВиноВакерисасГарначакрасноесухое,"Испания, 0.75 л., Кариньена, 14.5%",ВиноВакерисасГарначакрасноесухое.png
47,ВиноКуенШененШардонебелоесухое,"Аргентина, 0.75 л., Мендоса, 12%",ВиноКуенШененШардонебелоесухое.png
48,ВиноПиросманиКахуриГвинисМараникрасноеполусухое,"Грузия, 0.75 л., Кахети, 11.5%",ВиноПиросманиКахуриГвинисМараникрасноеполусухое.png
49,ВиноКорпусАструмкрасноеполусухое,"Чили, 0.75 л., Центральная Долина, 12%",ВиноКорпусАструмкрасноеполусухое.png
50,ВиноКорпусАструмбелоеполусухое,"Чили, 0.75 л., Центральная Долина, 12%",ВиноКорпусАструмбелоеполусухое.png
51,ВиноРтвелисиМукузаникрасноесухое,"Грузия, 0.75 л., Кахети, 12%",ВиноРтвелисиМукузаникрасноесухое.png
52,ВиноЧерсегиФюсерешбелоесухое,"Венгрия, 0.75 л., Дунай-Тиса, 11.5%",ВиноЧерсегиФюсерешбелоесухое.png
53,ВиноКювеБланбелоесухое,"Венгрия, 0.75 л., Дунай-Тиса, 11.5%",ВиноКювеБланбелоесухое.png
54,ВиноВиллаСАннаСанджовезеМаркеИГТкрасноеполусухое,"Италия, 0.75 л., Марке, 12%",ВиноВиллаСАннаСанджовезеМаркеИГТкрасноеполусухое.png
55,ВиноКиндзмараулиРтвелисикрасноеполусладкое,"Грузия, 0.75 л., Кахети, 12.5%",ВиноКиндзмараулиРтвелисикрасноеполусладкое.png
56,ВиноСантаЛусАльбаКарменеркрасноесухое,"Чили, 0.75 л., Центральная Долина, 13.5%",ВиноСантаЛусАльбаКарменеркрасноесухое.png
57,ВиноФинкаЛусонПтиВердокрасноесухое,"Испания, 0.75 л., Хумилья, 14.5%",ВиноФинкаЛусонПтиВердокрасноесухое.png
58,ВиноРомейраРезерваIGPЛиссабонкрасноеполусухое,"Португалия, 0.75 л., Лиссабон, 13%",ВиноРомейраРезерваIGPЛиссабонкрасноеполусухое.png
59,ВиноКуумбаСовиньонБланбелоесухое,"ЮАР, 0.75 л., Вестерн Кейп, 12.5%",ВиноКуумбаСовиньонБланбелоесухое.png
60,ВиноКуумбаПинотажкрасноеполусухое,"ЮАР, 0.75 л., Вестерн Кейп, 13.5%",ВиноКуумбаПинотажкрасноеполусухое.png
61,ВиноСаперавиБадагоникрасноесухое,"Грузия, 0.75 л., Кахети, 13%",ВиноСаперавиБадагоникрасноесухое.png
62,ВиноЦинандалиБадагонибелоесухое,"Грузия, 0.75 л., Кахети, 13%",ВиноЦинандалиБадагонибелоесухое.png
63,ВиноМолокоЛюбимойЖенщиныбелоеполусладкое,"Германия, 0.75 л., Рейнхессен, 9.5%",ВиноМолокоЛюбимойЖенщиныбелоеполусладкое.png
64,ВиноФонтеФортеБьянкоТерреДиКьетиАбруццоIGPбелоесухое,"Италия, 0.75 л., Абруццо, 12%",ВиноФонтеФортеБьянкоТерреДиКьетиАбруццоIGPбелоесухое.png
65,ВиноФонтеФортеРоссоТерреДиКьетиАбруццоIGPкрасноесухое,"Италия, 0.75 л., Абруццо, 12.5%",ВиноФонтеФортеРоссоТерреДиКьетиАбруццоIGPкрасноесухое.png
66,ВиноБас9ЛиссабонIGкрасноеполусухое,"Португалия, 0.75 л., Лиссабон, 13%",ВиноБас9ЛиссабонIGкрасноеполусухое.png
67,ВиноБас9ЛиссабонIGбелоеполусухое,"Португалия, 0.75 л., Лиссабон, 13%",ВиноБас9ЛиссабонIGбелоеполусухое.png
68,ВиноДоменДеСибадьеШардонебелоесухое,"Франция, 0.75 л., Лангедок Руссийон, 13.5%",ВиноДоменДеСибадьеШардонебелоесухое.png
69,ВиноДомендеСибадьеПиноНуаркрасноесухое,"Франция, 0.75 л., Лангедок Руссийон, 13%",ВиноДомендеСибадьеПиноНуаркрасноесухое.png
70,ВиноВаллеЭрмосоМерлокрасноесухое,"Чили, 0.75 л., Центральная Долина, 13%",ВиноВаллеЭрмосоМерлокрасноесухое.png
71,ВиноДипРужДжиЭсЭмПеиДОКкрасноеполусухое,"Франция, 0.75 л., Лангедок, 13.5%",ВиноДипРужДжиЭсЭмПеиДОКкрасноеполусухое.png
72,ВиноКабернеСираЛеБьюСюдПэидОккрасноеполусухое,"Франция, 0.75 л., Лангедок, 13%",ВиноКабернеСираЛеБьюСюдПэидОккрасноеполусухое.png
73,ВиноВискондеДеБегихарDOPкрасноеполусладкое,"Испания, 0.75 л., Ла Манча, 13%",ВиноВискондеДеБегихарDOPкрасноеполусладкое.png
74,ВиноВискондеДеБегихарDOPкрасноесухое,"Испания, 0.75 л., Ла Манча, 13%",ВиноВискондеДеБегихарDOPкрасноесухое.png
75,ВиноПуэнтеЛаКаролинаКриансаРиохаDOCкрасноесухое,"Испания, 0.75 л., Риоха, 13.5%",ВиноПуэнтеЛаКаролинаКриансаРиохаDOCкрасноесухое.png
76,ВиноКампоВентаДонХуанТиеррадеКастильябелоесухое,"Испания, 0.75 л., Кастилия, 12%",ВиноКампоВентаДонХуанТиеррадеКастильябелоесухое.png
77,ВиноКампоВентаДонХуанТиеррадеКастильярозовоесухое,"Испания, 0.75 л., Кастилия, 12%",ВиноКампоВентаДонХуанТиеррадеКастильярозовоесухое.png
78,ВиноКампоВентаДонХуанТиеррадеКастильябелоеполусладкое,"Испания, 0.75 л., Кастилия, 12%",ВиноКампоВентаДонХуанТиеррадеКастильябелоеполусладкое.png
79,ВиноЛизардПиноНуарРозерозовоеполусухое,"Германия, 0.75 л., Рейнхессен, 11%",ВиноЛизардПиноНуарРозерозовоеполусухое.png
80,ВиноМукузаниКахуриГвинисМараникрасноесухое,"Грузия, 0.75 л., Кахети, 12%",ВиноМукузаниКахуриГвинисМараникрасноесухое.png
81,ВиноВаллеЭрмосоШардонебелоесухое,"Чили, 0.75 л., Центральная Долина, 10%",ВиноВаллеЭрмосоШардонебелоесухое.png
82,ВиновыдержанноесортовоеКахуриКиндзмарауликрасноеполусладкое,"Грузия, 0.75 л., Кахети, 12%",ВиновыдержанноесортовоеКахуриКиндзмарауликрасноеполусладкое.png
83,ВиноЭльНиньоиЛаЛунаТинтокрасноесухое,"Испания, 0.75 л., Утель-Рекена, 13%",ВиноЭльНиньоиЛаЛунаТинтокрасноесухое.png
84,ВиноЭльНиньоиЛаЛунаБланкобелоесухое,"Испания, 0.75 л., Утель-Рекена, 11.5%",ВиноЭльНиньоиЛаЛунаБланкобелоесухое.png
85,ВиноЛармониРужВиндеБордокрасноесухое,"Франция, 0.75 л., Бордо, 13.5%",ВиноЛармониРужВиндеБордокрасноесухое.png
86,ВиноМариЛунаКабернеФранкрасноесухое,"Испания, 0.75 л., Кастилья Ла Манча, 13.5%",ВиноМариЛунаКабернеФранкрасноесухое.png
87,ВиноМариЛунаГарначаТинтореракрасноесухое,"Испания, 0.75 л., Кастилья Ла Манча, 13.5%",ВиноМариЛунаГарначаТинтореракрасноесухое.png
88,ВиноРиттерБлауфренкишШлоссРаггендорфкрасноесухое,"Австрия, 0.75 л., Бургенланд, 13%",ВиноРиттерБлауфренкишШлоссРаггендорфкрасноесухое.png
89,ВиноГриллобелоеполусухое,"Италия, 0.75 л., Сицилия, 12.5%",ВиноГриллобелоеполусухое.png
90,ВиноФортеццадеиКоллиНегроамарокрасноеполусухое,"Италия, 0.75 л., Апулия, 13%",ВиноФортеццадеиКоллиНегроамарокрасноеполусухое.png
91,ВиноТенутеДельНеччиоРоссокрасноесухое,"Италия, 0.75 л., Тоскана, 13%",ВиноТенутеДельНеччиоРоссокрасноесухое.png
92,ВиноТенутеДельНеччиоОрвиетоКлассикобелоесухое,"Италия, 0.75 л., Умбрия, 12.5%",ВиноТенутеДельНеччиоОрвиетоКлассикобелоесухое.png
93,ВиноБетанелиКиндзмарауликрасноеполусладкое,"Грузия, 0.75 л., Кахети, 12%",ВиноБетанелиКиндзмарауликрасноеполусладкое.png
94,ВиноОшторошборИршаиОливербелоесухое,"Венгрия, 0.75 л., Верхняя Венгрия, 11.5%",ВиноОшторошборИршаиОливербелоесухое.png
95,ВиноОшторошборДебрейХаршлевелюбелоеполусухое,"Венгрия, 0.75 л., Верхняя Венгрия, 12.5%",ВиноОшторошборДебрейХаршлевелюбелоеполусухое.png
96,ВиноОшторошЭгриЧиллагбелоесухое,"Венгрия, 0.75 л., Верхняя Венгрия, 12%",ВиноОшторошЭгриЧиллагбелоесухое.png
97,ВиноКалибрКабернеСовиньонМендосакрасноесухое,"Аргентина, 0.75 л., Мендоса, 13.5%",ВиноКалибрКабернеСовиньонМендосакрасноесухое.png
98,ВиноПикколаДжойаМальвазияРубиконеИГТбелоеполусладкое,"Италия, 0.75 л., Эмилия-Романья, 9%",ВиноПикколаДжойаМальвазияРубиконеИГТбелоеполусладкое.png
99,ВиноМарселиноРиохакрасноесухое,"Испания, 0.75 л., Риоха, 13.5%",ВиноМарселиноРиохакрасноесухое.png
100,ВиноБродлифСовиньонБланбелоесухое,"ЮАР, 0.75 л., Вестерн Кейп, 12.5%",ВиноБродлифСовиньонБланбелоесухое.png
101,ВиноБродлифСовиньонБланрозовоесухое,"ЮАР, 0.75 л., Вестерн Кейп, 12.5%",ВиноБродлифСовиньонБланрозовоесухое.png
102,ВиноАльфонсШотарВуврэАОПбелоеполусладкое,"Франция, 0.75 л., Долина Луары, 11.5%",ВиноАльфонсШотарВуврэАОПбелоеполусладкое.png
103,ВиноБадагониАхашеникрасноеполусладкое,"Грузия, 0.75 л., Кахети, 11%",ВиноБадагониАхашеникрасноеполусладкое.png
104,ВиноЭнкосташдаАррабидаТуригаНасионалIGPкрасноесухое,"Португалия, 0.75 л., Полуостров Сетубал, 14%",ВиноЭнкосташдаАррабидаТуригаНасионалIGPкрасноесухое.png
105,ВиноЭнджойКотдеГасконьДомендеДжойбелоесухое,"Франция, 0.75 л., Гасконь, 12%",ВиноЭнджойКотдеГасконьДомендеДжойбелоесухое.png
106,ВиноСолдеПлатаМальбеккрасноесухое,"Аргентина, 0.75 л., Мендоса, 13.5%",ВиноСолдеПлатаМальбеккрасноесухое.png
107,ВиноЛармониРозеАтлантикрозовоесухое,"Франция, 0.75 л., Атлантик, 12%",ВиноЛармониРозеАтлантикрозовоесухое.png
108,ВиноБаудрельиВиорМальбеккрасноесухое,"Аргентина, 0.75 л., Мендоса, 13.5%",ВиноБаудрельиВиорМальбеккрасноесухое.png
109,ВиноЛармониБланБордобелоесухое,"Франция, 0.75 л., Бордо, 12%",ВиноЛармониБланБордобелоесухое.png
110,ВиноКиндзмараулиБадагоникрасноеполусладкое,"Грузия, 0.75 л., Кахети, 11%",ВиноКиндзмараулиБадагоникрасноеполусладкое.png
111,ВиноГипфельклеттернБлауерЦвайгельткрасноеполусухое,"Австрия, 0.75 л., Нижняя Австрия, 12%",ВиноГипфельклеттернБлауерЦвайгельткрасноеполусухое.png
112,ВиноШардонеСтэмпсофзеВорлдбелоеполусухое,"Австралия, 0.75 л., Юго-Восточная Австралия, 12.5%",ВиноШардонеСтэмпсофзеВорлдбелоеполусухое.png
113,ВиноШиразСтэмпсофзеВорлдкрасноеполусухое,"Австралия, 0.75 л., Юго-Восточная Австралия, 13.5%",ВиноШиразСтэмпсофзеВорлдкрасноеполусухое.png
114,ВиноЛизардРислингТрокенПфальцбелоеполусухое,"Германия, 0.75 л., Пфальц, 12%",ВиноЛизардРислингТрокенПфальцбелоеполусухое.png
115,ВиноЛизардРислингбелоеполусладкое,"Германия, 0.75 л., Пфальц, 11%",ВиноЛизардРислингбелоеполусладкое.png
116,ВиноМареАльтаВиньюВердеDOCрозовоеполусухое,"Португалия, 0.75 л., Винью Верде, 10%",ВиноМареАльтаВиньюВердеDOCрозовоеполусухое.png
117,ВиноМареАльтаВиньюВердеDOCбелоеполусухое,"Португалия, 0.75 л., Винью Верде, 10%",ВиноМареАльтаВиньюВердеDOCбелоеполусухое.png
118,ВиноФортеццаДеиКоллиПримитивокрасноеполусухое,"Италия, 0.75 л., Апулия, 13.5%",ВиноФортеццаДеиКоллиПримитивокрасноеполусухое.png
119,ВиноВидальДельСазШардонебелоесухое,"Испания, 0.75 л., Ла Манча, 13.5%",ВиноВидальДельСазШардонебелоесухое.png
120,ВиноСантаЛусАльбаСовиньонБланбелоесухое,"Чили, 0.75 л., Центральная Долина, 12%",ВиноСантаЛусАльбаСовиньонБланбелоесухое.png
121,ВиноСантаЛусАльбаМоскатобелоеполусладкое,"Чили, 0.75 л., Центральная Долина, 12%",ВиноСантаЛусАльбаМоскатобелоеполусладкое.png
122,ВиноВейнцунфтРислингМозельбелоеполусухое,"Германия, 0.75 л., Мозель, 11.5%",ВиноВейнцунфтРислингМозельбелоеполусухое.png
123,ВиноПьетрамеМонтепульчаноДАбруццоDOPкрасноеполусухое,"Италия, 0.75 л., Абруццо, 13%",ВиноПьетрамеМонтепульчаноДАбруццоDOPкрасноеполусухое.png
124,ВиноАнтикоЧеппоТресЛациобелоеполусухое,"Италия, 0.75 л., Лацио, 13%",ВиноАнтикоЧеппоТресЛациобелоеполусухое.png
125,ВиноВидальДельСазТемпранильоКриансакрасноесухое,"Испания, 0.75 л., Ла Манча, 13.5%",ВиноВидальДельСазТемпранильоКриансакрасноесухое.png
126,ВиноПьетрамеПиноГриджоТерредиКьетиАбруццоIGPбелоесухое,"Италия, 0.75 л., Абруццо, 12.5%",ВиноПьетрамеПиноГриджоТерредиКьетиАбруццоIGPбелоесухое.png
127,ВиноТерраВегаРезерваКабернеСовиньонкрасноесухое,"Чили, 0.75 л., Долина Колчагуа, 14%",ВиноТерраВегаРезерваКабернеСовиньонкрасноесухое.png
128,ВиноМарселиноРиохаКрианзакрасноесухое,"Испания, 0.75 л., Риоха, 14%",ВиноМарселиноРиохаКрианзакрасноесухое.png
129,ПортвейнГравурашдуКоаПортоТоникрасныйсладкий,"Португалия, 0.75 л., Дору, 19%",ПортвейнГравурашдуКоаПортоТоникрасныйсладкий.png
130,ВиноКабернеСаперавиКвевриКахуриГвинисМараникрасноесухое,"Грузия, 0.75 л., Кахети, 11%",ВиноКабернеСаперавиКвевриКахуриГвинисМараникрасноесухое.png
131,ВиноАнжуДоменДАврийеКабернеФранкрасноесухое,"Франция, 0.75 л., Долина Луары, 12%",ВиноАнжуДоменДАврийеКабернеФранкрасноесухое.png
132,ВиноКатарсисДаркБлендкрасноесухое,"Испания, 0.75 л., Кастилья Ла Манча, 13.5%",ВиноКатарсисДаркБлендкрасноесухое.png
133,ВиноКатарсисРэдБлендкрасноесухое,"Испания, 0.75 л., Кастилья Ла Манча, 13.5%",ВиноКатарсисРэдБлендкрасноесухое.png
134,ВиноВейнцунфтСовиньонБланРейнхессенбелоесухое,"Германия, 0.75 л., Рейнхессен, 12%",ВиноВейнцунфтСовиньонБланРейнхессенбелоесухое.png
135,ВиноКальдораМальвазияШардонеТерредиКьетибелоесухое,"Италия, 0.75 л., Абруццо, 12%",ВиноКальдораМальвазияШардонеТерредиКьетибелоесухое.png
136,ВиноАртНувоМускателлерПфаффльбелоеполусухое,"Австрия, 0.75 л., Нижняя Австрия, 13.5%",ВиноАртНувоМускателлерПфаффльбелоеполусухое.png
137,ВиноТенутеРоссеттиБьянкоТосканаIGPбелоеполусухое,"Италия, 0.75 л., Тоскана, 12.5%",ВиноТенутеРоссеттиБьянкоТосканаIGPбелоеполусухое.png
138,ВиноПьетрамеЭдицьенеЛимитатаШардонеПассеринабелоеполусухое,"Италия, 0.75 л., Абруццо, 12.5%",ВиноПьетрамеЭдицьенеЛимитатаШардонеПассеринабелоеполусухое.png
139,ВиноКорезейПиноГриджиоДеллеВенециебелоесухое,"Италия, 0.75 л., Венето, 12%",ВиноКорезейПиноГриджиоДеллеВенециебелоесухое.png
140,ВиноПьетрамеМонтепульчаноДАбруццоЭдиционеЛимитатакрасноеполусухое,"Италия, 0.75 л., Абруццо, 13%",ВиноПьетрамеМонтепульчаноДАбруццоЭдиционеЛимитатакрасноеполусухое.png
141,ВиноТерраВегаРезерваПиноНуаркрасноесухое,"Чили, 0.75 л., Долина Лейда, 13.5%",ВиноТерраВегаРезерваПиноНуаркрасноесухое.png
142,ВиноМюскадеСеврЭМэнСюрЛиШатоДеЛаМушетьебелоесухое,"Франция, 0.75 л., Долина Луары, 12%",ВиноМюскадеСеврЭМэнСюрЛиШатоДеЛаМушетьебелоесухое.png
143,ВиноКальдораСанджовезеМерлокрасноеполусухое,"Италия, 0.75 л., Абруццо, 13.5%",ВиноКальдораСанджовезеМерлокрасноеполусухое.png
144,ВиноМирониКиндзмарауликрасноеполусладкое,"Грузия, 0.75 л., Кахети, 12%",ВиноМирониКиндзмарауликрасноеполусладкое.png
145,ВиноМукузаниБадагоникрасноесухое,"Грузия, 0.75 л., Кахети, 13%",ВиноМукузаниБадагоникрасноесухое.png
146,ВиноМеццакоронаДелизаПиноГриджиоРозерозовоесухое,"Италия, 0.75 л., Трентино-Альто Адидже, 12.5%",ВиноМеццакоронаДелизаПиноГриджиоРозерозовоесухое.png
147,ВиноСтПьердеСержакРенессансЛангедокAOПкрасноесухое,"Франция, 0.75 л., Лангедок Руссийон, 13.5%",ВиноСтПьердеСержакРенессансЛангедокAOПкрасноесухое.png
148,ВиноСтеммариПиноГриджиоСицилияIGTбелоесухое,"Италия, 0.75 л., Сицилия, 13%",ВиноСтеммариПиноГриджиоСицилияIGTбелоесухое.png
149,ВиноСтеммариМоскатоСицилияIGTбелоесладкое,"Италия, 0.75 л., Сицилия, 8.5%",ВиноСтеммариМоскатоСицилияIGTбелоесладкое.png
150,ПортвейнГравурашдуКоаПортоРубикрасныйсладкий,"Португалия, 0.75 л., Дору, 19%",ПортвейнГравурашдуКоаПортоРубикрасныйсладкий.png
151,ВиноГармонияВинарияВерабелоесухое,"Босния и Герцеговина, 0.75 л., Требинье, 13.5%",ВиноГармонияВинарияВерабелоесухое.png
152,ВиноМасетДельЛьеоГарначаНеграЭдисьонЛемитадакрасноесухое,"Испания, 0.75 л., Каталония, 14%",ВиноМасетДельЛьеоГарначаНеграЭдисьонЛемитадакрасноесухое.png
153,ВиноУмбрияБланИльдеБотеКазановабелоесухое,"Франция, 0.75 л., Корсика, 12%",ВиноУмбрияБланИльдеБотеКазановабелоесухое.png
154,ВиноУмбрияРужИльдеБотеКазановакрасноесухое,"Франция, 0.75 л., Корсика, 12.5%",ВиноУмбрияРужИльдеБотеКазановакрасноесухое.png
155,ВиноТенутеДельНеччиоКьянтиРизервакрасноесухое,"Италия, 0.75 л., Тоскана, 13%",ВиноТенутеДельНеччиоКьянтиРизервакрасноесухое.png
156,ВиноБастиониДеллаРоккаАппассиментоАпулияIGTкрасноеполусухое,"Италия, 0.75 л., Апулия, 15%",ВиноБастиониДеллаРоккаАппассиментоАпулияIGTкрасноеполусухое.png
157,ВиноННивариусРиохаDOCбелоесухое,"Испания, 0.75 л., Риоха, 13.5%",ВиноННивариусРиохаDOCбелоесухое.png
158,ВиноГалеонеПримитивоМерлоРозеАпулиярозовоеполусухое,"Италия, 0.75 л., Апулия, 12.5%",ВиноГалеонеПримитивоМерлоРозеАпулиярозовоеполусухое.png
159,ВиноБаудрельиВиорМальбекрезервавыдержанноесортовоекрасноесухое,"Аргентина, 0.75 л., Мендоса, 13.5%",ВиноБаудрельиВиорМальбекрезервавыдержанноесортовоекрасноесухое.png
160,ВиноШлоссСаарштайнРислингМозельбелоеполусладкое,"Германия, 0.75 л., Мозель, 11.5%",ВиноШлоссСаарштайнРислингМозельбелоеполусладкое.png
161,ВиноМирлаБэйПиноНуаркрасноесухое,"Чили, 0.75 л., Долина Лейда, 12.5%",ВиноМирлаБэйПиноНуаркрасноесухое.png
162,ВиноМирлаБэйСовиньонБланбелоесухое,"Чили, 0.75 л., Долина Лейда, 12.5%",ВиноМирлаБэйСовиньонБланбелоесухое.png
163,ВиноМарселиноРесерваРиохаДОКакрасноесухое,"Испания, 0.75 л., Риоха, 13.5%",ВиноМарселиноРесерваРиохаДОКакрасноесухое.png
164,ВиноГранПасасЙеклаМонастрельМурсиякрасноеполусухое,"Испания, 0.75 л., Йекла, 14%",ВиноГранПасасЙеклаМонастрельМурсиякрасноеполусухое.png
165,ВиноКьянтиРизервакрасноеполусухое,"Италия, 0.75 л., Тоскана, 13%",ВиноКьянтиРизервакрасноеполусухое.png
166,ВиноСаперавиВинивериякрасноесухое,"Грузия, 0.75 л., 13%",ВиноСаперавиВинивериякрасноесухое.png
167,ВиноПримитивоПулияЭпикурокрасноеполусухое,"Италия, 0.75 л., Апулия, 14%",ВиноПримитивоПулияЭпикурокрасноеполусухое.png
168,ВиноКисиВинивериябелоесухое,"Грузия, 0.75 л., 12.5%",ВиноКисиВинивериябелоесухое.png
169,ВиноБаристаПинотажкрасноесухое,"ЮАР, 0.75 л., Вестерн Кейп, 13%",ВиноБаристаПинотажкрасноесухое.png
170,ВиноМоМонтепульчанодАбруццоРизервакрасноесухое,"Италия, 0.75 л., Абруццо, 13.5%",ВиноМоМонтепульчанодАбруццоРизервакрасноесухое.png
171,ВиновыдержанноеАдегадеПегоешТуригаНасионалкрасноесухое,"Португалия, 0.75 л., Полуостров Сетубал, 14.5%",ВиновыдержанноеАдегадеПегоешТуригаНасионалкрасноесухое.png
172,ВиноДомейндеМазельСовиньонБланТуреньбелоесухое,"Франция, 0.75 л., Долина Луары, 12.5%",ВиноДомейндеМазельСовиньонБланТуреньбелоесухое.png
173,ВиноМаркесДеКасересБланкобелоесухое,"Испания, 0.75 л., Риоха, 12%",ВиноМаркесДеКасересБланкобелоесухое.png
174,ВиноМукузаниВинивериякрасноесухое,"Грузия, 0.75 л., Кахети, 13%",ВиноМукузаниВинивериякрасноесухое.png
175,ВиноГуреманиХванчкаракрасноеполусладкое,"Грузия, 0.75 л., Рача-Лечхуми, 11%",ВиноГуреманиХванчкаракрасноеполусладкое.png
176,ВиноРепликаСицилияНероДАволакрасноеполусухое,"Италия, 0.75 л., Сицилия, 13%",ВиноРепликаСицилияНероДАволакрасноеполусухое.png
177,ВиноКереруКоураСовиньонБланбелоесухое,"Чили, 0.75 л., 12.5%",ВиноКереруКоураСовиньонБланбелоесухое.png
178,ВиноГреиндАзурКотоВаруаэПровансрозовоесухое,"Франция, 0.75 л., Прованс, 12.5%",ВиноГреиндАзурКотоВаруаэПровансрозовоесухое.png
179,ВиноСеньориоДеЛаЕралтаРезерваDOCкрасноесухое,"Испания, 0.75 л., Риоха, 13.5%",ВиноСеньориоДеЛаЕралтаРезерваDOCкрасноесухое.png
180,ВиноМаркесДеКасересСантинелаРиохаDOCбелоеполусладкое,"Испания, 0.75 л., Риоха, 11.5%",ВиноМаркесДеКасересСантинелаРиохаDOCбелоеполусладкое.png
181,ВиносортовоеЭльГосГарначаБланкабелоесухое,"Испания, 0.75 л., Приорат, 13.5%",ВиносортовоеЭльГосГарначаБланкабелоесухое.png
182,ВиноСаусКоувСовиньонБланбелоесухое,"Новая Зеландия, 0.75 л., Мальборо, 12.5%",ВиноСаусКоувСовиньонБланбелоесухое.png
183,ВиноКиндзмараулиВинивериякрасноеполусладкое,"Грузия, 0.75 л., Кахети, 12%",ВиноКиндзмараулиВинивериякрасноеполусладкое.png
184,ВиноАлвариньюРезерваДОКВиньюВердебелоесухое,"Португалия, 0.75 л., Винью Верде, 13%",ВиноАлвариньюРезерваДОКВиньюВердебелоесухое.png
185,ВиноРипаМагнаКорвинаДеллаПровинчаДиВеронаIGPкрасноесухое,"Италия, 0.75 л., Венето, 14%",ВиноРипаМагнаКорвинаДеллаПровинчаДиВеронаIGPкрасноесухое.png
186,ВиноПекоПекориноТерредиКьетиIGPбелоесухое,"Италия, 0.75 л., Абруццо, 13.5%",ВиноПекоПекориноТерредиКьетиIGPбелоесухое.png
187,ВиноКотоБургиньонАльберБишокрасноесухое,"Франция, 0.75 л., Бургундия, 12.5%",ВиноКотоБургиньонАльберБишокрасноесухое.png
188,ВиноКивиГолдСовиньонБланбелоесухое,"Новая Зеландия, 0.75 л., Мальборо, 12%",ВиноКивиГолдСовиньонБланбелоесухое.png
189,ВиноПилотоКоллекшнкрасноесухое,"Португалия, 0.75 л., Полуостров Сетубал, 13.5%",ВиноПилотоКоллекшнкрасноесухое.png
190,ВиноОрапьенаМонтепульчанодАбруццоРизерваДОКкрасноеполусухое,"Италия, 0.75 л., Абруццо, 13.5%",ВиноОрапьенаМонтепульчанодАбруццоРизерваДОКкрасноеполусухое.png
191,ВиноХванчкараБадагоникрасноеполусладкое,"Грузия, 0.75 л., Рача-Лечхуми, 11%",ВиноХванчкараБадагоникрасноеполусладкое.png
192,ВиноМакутуБэйСовиньонБланбелоеполусухое,"Новая Зеландия, 0.75 л., Мальборо, 12%",ВиноМакутуБэйСовиньонБланбелоеполусухое.png
193,ВиноРондинеВаллезеллекрасноесухое,"Италия, 0.75 л., Венето, 14%",ВиноРондинеВаллезеллекрасноесухое.png
194,ВиноБардолиноПьевеСанВитоВаллезеллекрасноесухое,"Италия, 0.75 л., Венето, 13%",ВиноБардолиноПьевеСанВитоВаллезеллекрасноесухое.png
195,ВиноПатриаЧикакрасноесухое,"Испания, 0.75 л., Арагон, 14%",ВиноПатриаЧикакрасноесухое.png
196,ВиноСеньориоДеЛаЕралтаГранРезерваРиохаDOCкрасноесухое,"Испания, 0.75 л., Риоха, 13.5%",ВиноСеньориоДеЛаЕралтаГранРезерваРиохаDOCкрасноесухое.png
197,ВиноПиноГриджиоДеллеВенециеАрназибелоесухое,"Италия, 0.75 л., Венето, 12.5%",ВиноПиноГриджиоДеллеВенециеАрназибелоесухое.png
198,ВиноВайнотIGPкрасноеполусухое,"Италия, 0.75 л., Апулия, 15%",ВиноВайнотIGPкрасноеполусухое.png
199,ВиноПредикаткрасноесухое,"Испания, 0.75 л., Приорат, 14%",ВиноПредикаткрасноесухое.png
200,ВиноЭсторасПиноНуарБургенландЭстерхазикрасноесухое,"Австрия, 0.75 л., Бургенланд, 13.5%",ВиноЭсторасПиноНуарБургенландЭстерхазикрасноесухое.png
201,ВиноМаркесДеКасересКриансаРиохаDOCкрасноесухоевыдержанное,"Испания, 0.75 л., Риоха, 14%",ВиноМаркесДеКасересКриансаРиохаDOCкрасноесухоевыдержанное.png
202,ВиноМирониХванчкаракрасноеполусладкое,"Грузия, 0.75 л., Рача, 12%",ВиноМирониХванчкаракрасноеполусладкое.png
203,ВиноВерментиноДиТосканабелоесухое,"Италия, 0.75 л., Тоскана, 13%",ВиноВерментиноДиТосканабелоесухое.png
204,ВиноТорласкоБаролоDOCGПьемонткрасноесухое,"Италия, 0.75 л., Пьемонт, 14.5%",ВиноТорласкоБаролоDOCGПьемонткрасноесухое.png
205,ВиноДоньяБернардакрасноесухое,"Чили, 0.75 л., Долина Кольчагуа, 14%",ВиноДоньяБернардакрасноесухое.png
206,ПлодоваяалкогольнаяпродукцияРябинаЯблоко,"Россия, 0.5 л., 12.5%",ПлодоваяалкогольнаяпродукцияРябинаЯблоко.png
207,АлкпродукцияплодРусскаямозаикаКлюкваОсобаяполусладкая,"Россия, 0.5 л., 14%",АлкпродукцияплодРусскаямозаикаКлюкваОсобаяполусладкая.png
208,ВиноЮжнаяЖемчужинабелоеполусладкое,"Россия, 1 л., 12%",ВиноЮжнаяЖемчужинабелоеполусладкое.png
209,АлкпродукцияплодМагияСакурыВишняполусладкая,"Россия, 1 л., 9%",АлкпродукцияплодМагияСакурыВишняполусладкая.png
210,АлкпродукцияплодМонастырскийСтарожилбелоеполусладкое,"Россия, 1 л., 10.5%",АлкпродукцияплодМонастырскийСтарожилбелоеполусладкое.png
211,АлкпродукцияплодМонастырскийСтарожилкрасноеполусладкое,"Россия, 1 л., 10.5%",АлкпродукцияплодМонастырскийСтарожилкрасноеполусладкое.png
212,ВиноКрасноекрасноеполусладкое,"Россия, 0.7 л., 10%",ВиноКрасноекрасноеполусладкое.png
213,ВиноБелоебелоеполусладкое,"Россия, 0.7 л., 10%",ВиноБелоебелоеполусладкое.png
214,ВиноЖемчужныйберегбелоеполусладкое,"Россия, 0.7 л., 11%",ВиноЖемчужныйберегбелоеполусладкое.png
215,ВиноЖемчужныйберегкрасноеполусладкое,"Россия, 0.7 л., 11%",ВиноЖемчужныйберегкрасноеполусладкое.png
216,ВиноНектарБогинибелоеполусладкое,"Россия, 0.7 л., 10%",ВиноНектарБогинибелоеполусладкое.png
217,ВиноЮжнаяЖемчужинакрасноесухое,"Россия, 1 л., 12%",ВиноЮжнаяЖемчужинакрасноесухое.png
218,ВиноКубаньВинобелоеполусладкое,"Россия, 0.7 л., 12%",ВиноКубаньВинобелоеполусладкое.png
219,ВиноМускатныйбукетбелоеполусладкое,"Россия, 0.7 л., 11%",ВиноМускатныйбукетбелоеполусладкое.png
220,ВиноИзабеллаЮжнаякрасноеполусладкое,"Россия, 0.7 л., 11%",ВиноИзабеллаЮжнаякрасноеполусладкое.png
221,ВиноЮжнаяЖемчужинакрасноеполусладкое,"Россия, 1 л., 12%",ВиноЮжнаяЖемчужинакрасноеполусладкое.png
222,ВиноЮжнаяЖемчужинабелоесухое,"Россия, 1 л., 12%",ВиноЮжнаяЖемчужинабелоесухое.png
223,ВиноКубаньВинокрасноеполусладкое,"Россия, 0.7 л., 11%",ВиноКубаньВинокрасноеполусладкое.png
224,ВиноКубаньВинорозовоеполусухое,"Россия, 0.7 л., 11%",ВиноКубаньВинорозовоеполусухое.png
225,ВиноЛасковыйПоцелуйбелоеполусладкое,"Россия, 1 л., 11%",ВиноЛасковыйПоцелуйбелоеполусладкое.png
226,ВиноИзабельноекрасноеполусладкое,"Россия, 1 л., 12%",ВиноИзабельноекрасноеполусладкое.png
227,ВиноКоллекциявиноделакрасноесухое,"Россия, 0.75 л., 12%",ВиноКоллекциявиноделакрасноесухое.png
228,ВиноМерлоКоллекциявиноделакрасноесухое,"Россия, 0.75 л., 12%",ВиноМерлоКоллекциявиноделакрасноесухое.png
229,АлкогольнаяпродукцияплодоваяСанЛамаджоСангрия,"Россия, 1 л., 10.5%",АлкогольнаяпродукцияплодоваяСанЛамаджоСангрия.png
230,ВиноЧерныйЛекарькрасноесладкое,"Россия, 0.7 л., 9.5%",ВиноЧерныйЛекарькрасноесладкое.png
231,ВиноШардонеКоллекциявиноделабелоесухое,"Россия, 0.75 л., 11%",ВиноШардонеКоллекциявиноделабелоесухое.png
232,ВиноКоллекциявиноделабелоесухое,"Россия, 0.75 л., 11%",ВиноКоллекциявиноделабелоесухое.png
233,ВиноЛалзынбелоеполусладкое,"Россия, 0.75 л., 11%",ВиноЛалзынбелоеполусладкое.png
234,ВиноБзоукрасноеполусладкое,"Россия, 0.75 л., 11%",ВиноБзоукрасноеполусладкое.png
235,ВиноСаперавикрасноеполусладкое,"Россия, 0.75 л., 11%",ВиноСаперавикрасноеполусладкое.png
236,ВиноАдгуркрасноесухое,"Россия, 0.75 л., 11%",ВиноАдгуркрасноесухое.png
237,ВиноАкцыбелоесухое,"Россия, 0.75 л., 11%",ВиноАкцыбелоесухое.png
238,АлкогольныйнапитокплодовыйГлинтвейнДерхуго,"Россия, 1 л., 10.5%",АлкогольныйнапитокплодовыйГлинтвейнДерхуго.png
239,ВиноПшишбелоеполусладкое,"Россия, 0.75 л., 11%",ВиноПшишбелоеполусладкое.png
240,ВиноСаперавикрасноеполусладкое,"Россия, 0.75 л., 11%",ВиноСаперавикрасноеполусладкое.png
241,ВиноШушуккрасноеполусладкое,"Россия, 0.75 л., 11%",ВиноШушуккрасноеполусладкое.png
242,ВиноЦицакрасноеполусладкое,"Россия, 0.75 л., 11%",ВиноЦицакрасноеполусладкое.png
243,ВиноСаперавикрасноесухое,"Россия, 0.75 л., 12%",ВиноСаперавикрасноесухое.png
244,ВиноЧетуккрасноесухое,"Россия, 0.75 л., 12%",ВиноЧетуккрасноесухое.png
245,ПлодоваяалкогольнаяпродукцияГранатовоекрасноеполусладкое,"Россия, 0.75 л., 12%",ПлодоваяалкогольнаяпродукцияГранатовоекрасноеполусладкое.png
246,ВиноГолицынскиеВинакрасноеполусладкое,"Россия, 0.75 л., 11%",ВиноГолицынскиеВинакрасноеполусладкое.png
247,ВиноТравыСовиньонБланбелоеполусладкое,"Россия, 0.75 л., 11%",ВиноТравыСовиньонБланбелоеполусладкое.png
248,ВиноГолицынскиеВинабелоеполусладкое,"Россия, 0.75 л., 11%",ВиноГолицынскиеВинабелоеполусладкое.png
249,ВиноТравыБастардокрасноеполусухое,"Россия, 0.75 л., 11%",ВиноТравыБастардокрасноеполусухое.png
250,ВиноИзабеллаОригинальнаякрасноеполусладкое,"Россия, 1 л., 10%",ВиноИзабеллаОригинальнаякрасноеполусладкое.png
251,ВиноШатоТаманьСовиньонбелоесухое,"Россия, 0.75 л., Кубань, 12.5%",ВиноШатоТаманьСовиньонбелоесухое.png
252,ВиноШатоТаманьМерлорозовоесухое,"Россия, 0.75 л., Кубань, 13%",ВиноШатоТаманьМерлорозовоесухое.png
253,ВиноШатоТаманьКабернеМерлокрасноесухое,"Россия, 0.75 л., Кубань, 13.5%",ВиноШатоТаманьКабернеМерлокрасноесухое.png
254,ВиноРезервФанагорииКабернекрасноеполусладкое,"Россия, 0.75 л., 12.5%",ВиноРезервФанагорииКабернекрасноеполусладкое.png
255,ВиноРезервФанагорииШардонебелоеполусладкое,"Россия, 0.75 л., 12.5%",ВиноРезервФанагорииШардонебелоеполусладкое.png
256,ВиноМассандраКабернекрасноесухое,"Россия, 0.75 л., Крым, 13%",ВиноМассандраКабернекрасноесухое.png
257,ВиноДомашнееКрымскоекрасноеполусладкое,"Россия, 1 л., 12%",ВиноДомашнееКрымскоекрасноеполусладкое.png
258,ВиноДомашнееКрымскоебелоеполусладкое,"Россия, 1 л., 13%",ВиноДомашнееКрымскоебелоеполусладкое.png
259,ВиноФанагорияАвторскийСтильбелоесухое,"Россия, 0.75 л., Кубань, 13%",ВиноФанагорияАвторскийСтильбелоесухое.png
260,ВиноШатоТаманьПиноГриджиобелоесухое,"Россия, 0.75 л., Кубань, 12%",ВиноШатоТаманьПиноГриджиобелоесухое.png
261,ВиноФанагорияАвторскийСтилькрасноесухое,"Россия, 0.75 л., Кубань, 13%",ВиноФанагорияАвторскийСтилькрасноесухое.png
262,ВиноКрасныйБлендШатоТаманькрасноесухое,"Россия, 0.75 л., Кубань, 12%",ВиноКрасныйБлендШатоТаманькрасноесухое.png
263,ВиноШатоТаманьСаперавикрасноесухое,"Россия, 0.75 л., Кубань, 12.5%",ВиноШатоТаманьСаперавикрасноесухое.png
264,ВиноМассандраСухоеБелое,"Россия, 0.75 л., 11%",ВиноМассандраСухоеБелое.png
265,ВиноСухоеКрасноекрасноесухое,"Россия, 0.75 л., 12%",ВиноСухоеКрасноекрасноесухое.png
266,ВиноликерноеКагор32,"Россия, 0.7 л., Кубань, 16%",ВиноликерноеКагор32.png
267,ВиноВысокийБерегРислингбелоесухое,"Россия, 0.75 л., Кубань, 12%",ВиноВысокийБерегРислингбелоесухое.png
268,ВиноликерноеПортвейнкрасныйГурзуфЗГУКрымкрепкоекрасное,"Россия, 0.75 л., Крым, 17%",ВиноликерноеПортвейнкрасныйГурзуфЗГУКрымкрепкоекрасное.png
269,ВиноШатоПиноШантажбелоесухое,"Россия, 0.75 л., Кубань, 12%",ВиноШатоПиноШантажбелоесухое.png
270,ВиноШатоПиноШантажкрасноесухое,"Россия, 0.75 л., 13.5%",ВиноШатоПиноШантажкрасноесухое.png
271,ВиноМысхакоКабернеФранКвинтэссенцияНовоеПоколениекрасноесухое,"Россия, 0.75 л., Кубань, 14.5%",ВиноМысхакоКабернеФранКвинтэссенцияНовоеПоколениекрасноесухое.png
272,ВиноМысхакоСовиньонБланКвинтэссенцияНовоеПоколениебелоесухое,"Россия, 0.75 л., Кубань, 12.2%",ВиноМысхакоСовиньонБланКвинтэссенцияНовоеПоколениебелоесухое.png
273,ВиноликерноеМассандраКагорПартениткрасное,"Россия, 0.75 л., Крым, 16%",ВиноликерноеМассандраКагорПартениткрасное.png
274,ВиноликерноеМассандраХерескрепкоебелое,"Россия, 0.75 л., Крым, 19.5%",ВиноликерноеМассандраХерескрепкоебелое.png
275,ВиноМысхакоЧерныйударкрасноесухое,"Россия, 0.75 л., Кубань, 16.2%",ВиноМысхакоЧерныйударкрасноесухое.png
276,ВиноликерноеМассандраПортвейнБелыйКрымский,"Россия, 0.75 л., Крым, 17.5%",ВиноликерноеМассандраПортвейнБелыйКрымский.png
277,ВиноГевюрцтраминерОранжбелоесухое,"Россия, 0.75 л., Кубань, 14.2%",ВиноГевюрцтраминерОранжбелоесухое.png
278,ВиноМысхакоЧерноеизКрасногокрасноеполусухое,"Россия, 0.75 л., Кубань, 15%",ВиноМысхакоЧерноеизКрасногокрасноеполусухое.png
279,ВиноМысхакоЧерноеизЧерногокрасноесухое,"Россия, 0.75 л., Кубань, 15%",ВиноМысхакоЧерноеизЧерногокрасноесухое.png
280,ВиноШатоТаманьСовиньонбелоесухое,"Россия, 0.75 л., Кубань, 12.5%",ВиноШатоТаманьСовиньонбелоесухое.png
281,ВиноигристоеЗГУКоллекцияВиноделабелоебрют,"Россия, 0.75 л., Кубань, 12.5%",ВиноигристоеЗГУКоллекцияВиноделабелоебрют.png
282,ВиноКрасныйБлендШатоТаманькрасноесухое,"Россия, 0.75 л., Кубань, 12%",ВиноКрасныйБлендШатоТаманькрасноесухое.png
283,ВиноФанагорияАвторскийСтильбелоесухое,"Россия, 0.75 л., Кубань, 13%",ВиноФанагорияАвторскийСтильбелоесухое.png
284,ВиноМассандраКабернекрасноесухое,"Россия, 0.75 л., Крым, 13%",ВиноМассандраКабернекрасноесухое.png
285,ВиноВакерисасГарначакрасноесухое,"Испания, 0.75 л., Кариньена, 14.5%",ВиноВакерисасГарначакрасноесухое.png
286,ВиноКуумбаПинотажкрасноеполусухое,"ЮАР, 0.75 л., Вестерн Кейп, 13.5%",ВиноКуумбаПинотажкрасноеполусухое.png
287,ВиноКуумбаСовиньонБланбелоесухое,"ЮАР, 0.75 л., Вестерн Кейп, 12.5%",ВиноКуумбаСовиньонБланбелоесухое.png
288,ВиноФонтеФортеБьянкоТерреДиКьетиАбруццоIGPбелоесухое,"Италия, 0.75 л., Абруццо, 12%",ВиноФонтеФортеБьянкоТерреДиКьетиАбруццоIGPбелоесухое.png
289,ВиноФонтеФортеРоссоТерреДиКьетиАбруццоIGPкрасноесухое,"Италия, 0.75 л., Абруццо, 12.5%",ВиноФонтеФортеРоссоТерреДиКьетиАбруццоIGPкрасноесухое.png
290,ВиноМукузаниКахуриГвинисМараникрасноесухое,"Грузия, 0.75 л., Кахети, 12%",ВиноМукузаниКахуриГвинисМараникрасноесухое.png
291,ВиноАльфонсШотарВуврэАОПбелоеполусладкое,"Франция, 0.75 л., Долина Луары, 11.5%",ВиноАльфонсШотарВуврэАОПбелоеполусладкое.png
292,ВиноБродлифСовиньонБланбелоесухое,"ЮАР, 0.75 л., Вестерн Кейп, 12.5%",ВиноБродлифСовиньонБланбелоесухое.png
293,ВиноБродлифСовиньонБланрозовоесухое,"ЮАР, 0.75 л., Вестерн Кейп, 12.5%",ВиноБродлифСовиньонБланрозовоесухое.png
294,ВиноКальдораМальвазияШардонеТерредиКьетибелоесухое,"Италия, 0.75 л., Абруццо, 12%",ВиноКальдораМальвазияШардонеТерредиКьетибелоесухое.png
295,ВиноПьетрамеПиноГриджоТерредиКьетиАбруццоIGPбелоесухое,"Италия, 0.75 л., Абруццо, 12.5%",ВиноПьетрамеПиноГриджоТерредиКьетиАбруццоIGPбелоесухое.png
296,ВиноТерраВегаРезерваКабернеСовиньонкрасноесухое,"Чили, 0.75 л., Долина Колчагуа, 14%",ВиноТерраВегаРезерваКабернеСовиньонкрасноесухое.png
297,ВиноКальдораСанджовезеМерлокрасноеполусухое,"Италия, 0.75 л., Абруццо, 13.5%",ВиноКальдораСанджовезеМерлокрасноеполусухое.png
298,ВиноКорезейПиноГриджиоДеллеВенециебелоесухое,"Италия, 0.75 л., Венето, 12%",ВиноКорезейПиноГриджиоДеллеВенециебелоесухое.png
299,ВиноПьетрамеМонтепульчаноДАбруццоЭдиционеЛимитатакрасноеполусухое,"Италия, 0.75 л., Абруццо, 13%",ВиноПьетрамеМонтепульчаноДАбруццоЭдиционеЛимитатакрасноеполусухое.png
300,ВиноПьетрамеЭдицьенеЛимитатаШардонеПассеринабелоеполусухое,"Италия, 0.75 л., Абруццо, 12.5%",ВиноПьетрамеЭдицьенеЛимитатаШардонеПассеринабелоеполусухое.png
301,ВиноТенутеРоссеттиБьянкоТосканаIGPбелоеполусухое,"Италия, 0.75 л., Тоскана, 12.5%",ВиноТенутеРоссеттиБьянкоТосканаIGPбелоеполусухое.png
302,ВиноСтеммариМоскатоСицилияIGTбелоесладкое,"Италия, 0.75 л., Сицилия, 8.5%",ВиноСтеммариМоскатоСицилияIGTбелоесладкое.png
303,ВиноСтеммариПиноГриджиоСицилияIGTбелоесухое,"Италия, 0.75 л., Сицилия, 13%",ВиноСтеммариПиноГриджиоСицилияIGTбелоесухое.png
304,ВиноБастиониДеллаРоккаАппассиментоАпулияIGTкрасноеполусухое,"Италия, 0.75 л., Апулия, 15%",ВиноБастиониДеллаРоккаАппассиментоАпулияIGTкрасноеполусухое.png
305,ВиноННивариусРиохаDOCбелоесухое,"Испания, 0.75 л., Риоха, 13.5%",ВиноННивариусРиохаDOCбелоесухое.png
306,ВиноКьянтиРизервакрасноеполусухое,"Италия, 0.75 л., Тоскана, 13%",ВиноКьянтиРизервакрасноеполусухое.png
307,ВиноПримитивоПулияЭпикурокрасноеполусухое,"Италия, 0.75 л., Апулия, 14%",ВиноПримитивоПулияЭпикурокрасноеполусухое.png
308,ВиноБаристаПинотажкрасноесухое,"ЮАР, 0.75 л., Вестерн Кейп, 13%",ВиноБаристаПинотажкрасноесухое.png
309,ВиноигристоеРиондоПросеккоФризантебелоесухое,"Италия, 0.75 л., Венето, 10.5%",ВиноигристоеРиондоПросеккоФризантебелоесухое.png
310,ВиноМоМонтепульчанодАбруццоРизервакрасноесухое,"Италия, 0.75 л., Абруццо, 13.5%",ВиноМоМонтепульчанодАбруццоРизервакрасноесухое.png
311,ВиноРипаМагнаКорвинаДеллаПровинчаДиВеронаIGPкрасноесухое,"Италия, 0.75 л., Венето, 14%",ВиноРипаМагнаКорвинаДеллаПровинчаДиВеронаIGPкрасноесухое.png
312,ВиноОрапьенаМонтепульчанодАбруццоРизерваДОКкрасноеполусухое,"Италия, 0.75 л., Абруццо, 13.5%",ВиноОрапьенаМонтепульчанодАбруццоРизерваДОКкрасноеполусухое.png
313,ВиноМакутуБэйСовиньонБланбелоеполусухое,"Новая Зеландия, 0.75 л., Мальборо, 12%",ВиноМакутуБэйСовиньонБланбелоеполусухое.png
314,ВиноПатриаЧикакрасноесухое,"Испания, 0.75 л., Арагон, 14%",ВиноПатриаЧикакрасноесухое.png
315,ВиноПиноГриджиоДеллеВенециеАрназибелоесухое,"Италия, 0.75 л., Венето, 12.5%",ВиноПиноГриджиоДеллеВенециеАрназибелоесухое.png
316,ВиноМаркесДеКасересКриансаРиохаDOCкрасноесухоевыдержанное,"Испания, 0.75 л., Риоха, 14%",ВиноМаркесДеКасересКриансаРиохаDOCкрасноесухоевыдержанное.png
317,ВиноТорласкоБаролоDOCGПьемонткрасноесухое,"Италия, 0.75 л., Пьемонт, 14.5%",ВиноТорласкоБаролоDOCGПьемонткрасноесухое.png
318,ВиноДоньяБернардакрасноесухое,"Чили, 0.75 л., Долина Кольчагуа, 14%",ВиноДоньяБернардакрасноесухое.png
319,ВиноигристоеПримоБокалебелоебрютжб,"Россия, 0.25 л., 11.5%",ВиноигристоеПримоБокалебелоебрютжб.png
320,ВиноигристоеПримоБокалерозовоеполусладкоежб,"Россия, 0.25 л., 11.5%",ВиноигристоеПримоБокалерозовоеполусладкоежб.png
321,ВиноигристоеПримоБокалебелоеполусладкоежб,"Россия, 0.25 л., 11.5%",ВиноигристоеПримоБокалебелоеполусладкоежб.png
322,ВиноигристоеРоссийскоеШатоТаманьбелоеполусладкое,"Россия, 0.2 л., Кубань, 11.5%",ВиноигристоеРоссийскоеШатоТаманьбелоеполусладкое.png
323,ВиноигристоеРоссийскоеШатоТаманьбелоебрют,"Россия, 0.2 л., Кубань, 11.5%",ВиноигристоеРоссийскоеШатоТаманьбелоебрют.png
324,ВиноигристоеРоссийскоеШатоТаманьрозовоебрют,"Россия, 0.2 л., Кубань, 11.5%",ВиноигристоеРоссийскоеШатоТаманьрозовоебрют.png
325,ВиноигристоеАттоПримоПросеккоДрайбелоесухое,"Италия, 0.2 л., Венето, 11.5%",ВиноигристоеАттоПримоПросеккоДрайбелоесухое.png
326,НапитоксагазРоссийскоебелоеАриантбелоеполусладкое,"Россия, 0.75 л., 7%",НапитоксагазРоссийскоебелоеАриантбелоеполусладкое.png
327,СидрВиллаБланкаЛамбрускоБьянкополусладкий,"Россия, 0.75 л., 6%",СидрВиллаБланкаЛамбрускоБьянкополусладкий.png
328,СидрВиллаБланкаЛамбрускоРозеполусладкий,"Россия, 0.75 л., 6%",СидрВиллаБланкаЛамбрускоРозеполусладкий.png
329,НапитокслабоакогольныйЧеароквонтиБьянко,"Россия, 0.75 л., 7.2%",НапитокслабоакогольныйЧеароквонтиБьянко.png
330,АлкогольныйплодовыйнапитокМиллеБоллекрасныйсладкий,"Россия, 0.75 л., 7%",АлкогольныйплодовыйнапитокМиллеБоллекрасныйсладкий.png
331,АлкогольныйплодовыйнапитокМиллеБоллебелыйполусладкий,"Россия, 0.75 л., 7%",АлкогольныйплодовыйнапитокМиллеБоллебелыйполусладкий.png
332,ВиноигристоеАттоПримоАстибелоесладкое,"Италия, 0.2 л., Пьемонт, 7.5%",ВиноигристоеАттоПримоАстибелоесладкое.png
333,НапитоквингазЛамбрускоРозатополусладкий,"Россия, 0.75 л., 8%",НапитоквингазЛамбрускоРозатополусладкий.png
334,НапитоквингазЛамбрускоБьянкополусладкий,"Россия, 0.75 л., 8%",НапитоквингазЛамбрускоБьянкополусладкий.png
335,ВиноигристоеРоссийскоеПремиумбелоебрют,"Россия, 0.75 л., 11%",ВиноигристоеРоссийскоеПремиумбелоебрют.png
336,ВиноигристоеРоссийскоеПремиумбелоеполусладкое,"Россия, 0.75 л., 11%",ВиноигристоеРоссийскоеПремиумбелоеполусладкое.png
337,ВиноигристоеДербентскоезащгеогрукрозовоеполусладкое,"Россия, 0.75 л., Дагестан, 11%",ВиноигристоеДербентскоезащгеогрукрозовоеполусладкое.png
338,ВиноигристоеДербентскоезащгеогрукДагестанбелоеполусладкое,"Россия, 0.75 л., Дагестан, 11%",ВиноигристоеДербентскоезащгеогрукДагестанбелоеполусладкое.png
339,ВиноигристоеСоветскоеШампанскоебелоеполусладкое,"Россия, 0.75 л., 11%",ВиноигристоеСоветскоеШампанскоебелоеполусладкое.png
340,ВиноигристоеДжейГиллермаБланДеБланКювеРезервбелоебрют,"Франция, 0.75 л., 10.5%",ВиноигристоеДжейГиллермаБланДеБланКювеРезервбелоебрют.png
341,ВиноигристоеДжейГиллермаБланДеБланКювеРезервДубелоеполусладкое,"Франция, 0.75 л., 10.5%",ВиноигристоеДжейГиллермаБланДеБланКювеРезервДубелоеполусладкое.png
342,ВиноигристоеЗГУКоллекцияВиноделабелоебрют,"Россия, 0.75 л., Кубань, 12.5%",ВиноигристоеЗГУКоллекцияВиноделабелоебрют.png
343,ГазироввиноградосодержнапитокМартиниРозаторозовыйполусухойжб,"Италия, 0.25 л., 10%",ГазироввиноградосодержнапитокМартиниРозаторозовыйполусухойжб.png
344,ВиноигристоеШатоТаманьрозовоебрют,"Россия, 0.75 л., Кубань, 12.5%",ВиноигристоеШатоТаманьрозовоебрют.png
345,ГазироввиноградосодержнапитокМартиниСеккобелыйполусухойжб,"Италия, 0.25 л., 10%",ГазироввиноградосодержнапитокМартиниСеккобелыйполусухойжб.png
346,ГазироввиноградосодержнапитокМартиниСемиДольчесладкийбелыйжб,"Италия, 0.25 л., 8.5%",ГазироввиноградосодержнапитокМартиниСемиДольчесладкийбелыйжб.png
347,НапитокКазаПозитаноВермутБьянкобелыйсладкий,"Италия, 0.75 л., 15%",НапитокКазаПозитаноВермутБьянкобелыйсладкий.png
348,ВиноигристоеРоссийскоеФанагориязащгеогрукбелоебрют,"Россия, 0.75 л., Кубань, 12%",ВиноигристоеРоссийскоеФанагориязащгеогрукбелоебрют.png
349,ВиноигристоеРоссийскоеФанагориябелоеполусладкое,"Россия, 0.75 л., Кубань, 12%",ВиноигристоеРоссийскоеФанагориябелоеполусладкое.png
350,ВиноигристоеИнкерманбелоебрют,"Россия, 0.75 л., Крым, 12.5%",ВиноигристоеИнкерманбелоебрют.png
351,ВиноигристоеИнкерманбелоеполусладкое,"Россия, 0.75 л., Крым, 13.5%",ВиноигристоеИнкерманбелоеполусладкое.png
352,ВиноигристоежемчужноеКазеттаСМарияЛамбрускодельЭмилиякрасноеполусладкое,"Италия, 0.75 л., Эмилия-Романья, 7.5%",ВиноигристоежемчужноеКазеттаСМарияЛамбрускодельЭмилиякрасноеполусладкое.png
353,ВиноигристоежемчужноеКазеттаСМарияЛамбрускодельЭмилиябелоеполусладкое,"Италия, 0.75 л., Эмилия-Романья, 7.5%",ВиноигристоежемчужноеКазеттаСМарияЛамбрускодельЭмилиябелоеполусладкое.png
354,ВиноигристоеБельГрувбелоебрют,"Испания, 0.75 л., 11%",ВиноигристоеБельГрувбелоебрют.png
355,ВиноигристоеКвинтэссенцияНовоеПоколениебелоеполусладкое,"Россия, 0.75 л., 11.5%",ВиноигристоеКвинтэссенцияНовоеПоколениебелоеполусладкое.png
356,ИгристоевиноКвинтэссенциябелоебрют,"Россия, 0.75 л., Кубань, 11%",ИгристоевиноКвинтэссенциябелоебрют.png
357,ИгристоевиноКвинтэссенциярозовоеполусухое,"Россия, 0.75 л., Кубань, 12%",ИгристоевиноКвинтэссенциярозовоеполусухое.png
358,ВиноигристоеШатоТаманьСюрЛирозовоеэкстрабрют,"Россия, 0.75 л., Кубань, 10.5%",ВиноигристоеШатоТаманьСюрЛирозовоеэкстрабрют.png
359,ВиноигристоеЛуиМейнарБландеБланбелоебрют,"Франция, 0.75 л., 11%",ВиноигристоеЛуиМейнарБландеБланбелоебрют.png
360,ВиноигристоеЛуиМейнарБрютРозерозовоебрют,"Франция, 0.75 л., 11%",ВиноигристоеЛуиМейнарБрютРозерозовоебрют.png
361,ВиноигристоеМассимоВисконтиЛамбрускоЭмилияИГТбелоесладкое,"Италия, 0.75 л., Эмилия-Романья, 7.5%",ВиноигристоеМассимоВисконтиЛамбрускоЭмилияИГТбелоесладкое.png
362,ВиноигристоеМассимоВисконтиЛамбрускоЭмилияИГТкрасноесладкое,"Италия, 0.75 л., Эмилия-Романья, 7.5%",ВиноигристоеМассимоВисконтиЛамбрускоЭмилияИГТкрасноесладкое.png
363,ВиноигристоеРоссийскоеШатоТаманьзащгеогрукбелоеполусладкоевпк,"Россия, 0.75 л., Кубань, 10%",ВиноигристоеРоссийскоеШатоТаманьзащгеогрукбелоеполусладкоевпк.png
364,ВиноигристоеРоссийскоеШатоТаманьзащгеогрукбелоебрютвпк,"Россия, 0.75 л., Кубань, 10%",ВиноигристоеРоссийскоеШатоТаманьзащгеогрукбелоебрютвпк.png
365,ВиноигристоеМонмартрБланДеБланБрютбелое,"Франция, 0.75 л., 10.5%",ВиноигристоеМонмартрБланДеБланБрютбелое.png
366,ВиноигристоежемчужноеКьярлиИльМиоЛамбрускодельЭмилиябелоеполусладкое,"Италия, 0.75 л., Эмилия-Романья, 7.5%",ВиноигристоежемчужноеКьярлиИльМиоЛамбрускодельЭмилиябелоеполусладкое.png
367,ВиноигристоеМонмартрБланДеБланДубелоеполусладкое,"Франция, 0.75 л., 10.5%",ВиноигристоеМонмартрБланДеБланДубелоеполусладкое.png
368,ВиноигристоеМонмартрКювеПрестижРозерозовоеполусухое,"Франция, 0.75 л., 10.5%",ВиноигристоеМонмартрКювеПрестижРозерозовоеполусухое.png
369,ВинныйнапитокбезалкогольныйНозекогазированный,"Франция, 0.75 л.",ВинныйнапитокбезалкогольныйНозекогазированный.png
370,ВиноигристоеПРОЗЕБланбелоебрют,"Италия, 0.75 л., 11.5%",ВиноигристоеПРОЗЕБланбелоебрют.png
371,ВиноигристоеШатоТаманьСюрЛибелоеэкстрабрют,"Россия, 0.75 л., Кубань, 11%",ВиноигристоеШатоТаманьСюрЛибелоеэкстрабрют.png
372,ВиноигристоеВальпьянаМиллезиматоЭкстраДрайбелоебрют,"Италия, 0.75 л., Венето, 11%",ВиноигристоеВальпьянаМиллезиматоЭкстраДрайбелоебрют.png
373,ВиноигристоеКазалеттоСпумантеЭкстраДрайбелоесухое,"Италия, 0.75 л., 10%",ВиноигристоеКазалеттоСпумантеЭкстраДрайбелоесухое.png
374,ВиноигристоеСкалиниПиноГриджиоСпумантеЭкстраДрайрозовое,"Италия, 0.75 л., Венето, 11.5%",ВиноигристоеСкалиниПиноГриджиоСпумантеЭкстраДрайрозовое.png
375,ВиноигристоеСкалиниПиноГриджиоСпумантеЭкстраДрайбелоебрют,"Италия, 0.75 л., Венето, 11.5%",ВиноигристоеСкалиниПиноГриджиоСпумантеЭкстраДрайбелоебрют.png
376,ВиноигристоеКаваПарлемБрютбелоебрют,"Испания, 0.75 л., Кава, 11.5%",ВиноигристоеКаваПарлемБрютбелоебрют.png
377,ВиноигристоеЛиндаДоннаМоскатоПьемонтбелоесладкое,"Италия, 0.75 л., 7%",ВиноигристоеЛиндаДоннаМоскатоПьемонтбелоесладкое.png
378,ВиноигристоеКаваМонастериолоБрютбелое,"Испания, 0.75 л., Кава, 11%",ВиноигристоеКаваМонастериолоБрютбелое.png
379,ВиноигристоеКортедейРовиПиноГриджоРозеСпумантеЭкстраДрайрозовоебрют,"Италия, 0.75 л., 11%",ВиноигристоеКортедейРовиПиноГриджоРозеСпумантеЭкстраДрайрозовоебрют.png
380,ВиноигристоеИссиМальвазияСпумантебелоесладкое,"Италия, 0.75 л., Венето, 7%",ВиноигристоеИссиМальвазияСпумантебелоесладкое.png
381,ВиноигристоеЛиндаДоннаМоскатоРозерозовоесладкое,"Италия, 0.75 л., 7%",ВиноигристоеЛиндаДоннаМоскатоРозерозовоесладкое.png
382,ВиноигристоеВёВАлбанбелоеполусладкое,"Франция, 0.75 л., 10.5%",ВиноигристоеВёВАлбанбелоеполусладкое.png
383,ВиноигристоеВёВАлбанбелбрют,"Франция, 0.75 л., 11%",ВиноигристоеВёВАлбанбелбрют.png
384,ВиноигристоеМьяцциРиболлаДжаллабелоебрют,"Италия, 0.75 л., 11%",ВиноигристоеМьяцциРиболлаДжаллабелоебрют.png
385,ВиноигристоевыдержанноеКаваДоменекВинтажзащнаимбелоеэкстрабрют,"Испания, 0.75 л., Кава, 11.5%",ВиноигристоевыдержанноеКаваДоменекВинтажзащнаимбелоеэкстрабрют.png
386,ВиноигристоеФальдеоАстиDOCGбелоесладкое,"Италия, 0.75 л., Пьемонт, 7%",ВиноигристоеФальдеоАстиDOCGбелоесладкое.png
387,ВиноигристоеАттоПримоПросеккоDOCбелоесухое,"Италия, 0.75 л., Венето, 11.5%",ВиноигристоеАттоПримоПросеккоDOCбелоесухое.png
388,ВиноигристоеФальдеоПросеккозащнаимDOCбелоебрют,"Италия, 0.75 л., Венето, 11%",ВиноигристоеФальдеоПросеккозащнаимDOCбелоебрют.png
389,ВиноигристоеКортедейРовиПиноГриджоСпумантеЭкстраДрайбелоебрют,"Италия, 0.75 л., 11%",ВиноигристоеКортедейРовиПиноГриджоСпумантеЭкстраДрайбелоебрют.png
390,ВиноигристоеАттоПримоАстиDOCGбелоесладкое,"Италия, 0.75 л., Пьемонт, 7.5%",ВиноигристоеАттоПримоАстиDOCGбелоесладкое.png
391,ВиноигристоеСантОрсолаАстиDOCGбелоесладкое,"Италия, 0.75 л., Пьемонт, 7%",ВиноигристоеСантОрсолаАстиDOCGбелоесладкое.png
392,ВиноигристоеЛиндаДоннаАстиDOCGбелоесладкое,"Италия, 0.75 л., Пьемонт, 7.5%",ВиноигристоеЛиндаДоннаАстиDOCGбелоесладкое.png
393,ВиноигристоеРислингЗектТрокенбелоеполусухое,"Германия, 0.75 л., Рейнхессен, 12%",ВиноигристоеРислингЗектТрокенбелоеполусухое.png
394,ВиноигристоеДагоберПрестижБрютКреманбелоесухое,"Франция, 0.75 л., Эльзас, 12.5%",ВиноигристоеДагоберПрестижБрютКреманбелоесухое.png
395,ВиноигристоеЧинзаноАстиDOCGбелоесладкое,"Италия, 0.75 л., Пьемонт, 7%",ВиноигристоеЧинзаноАстиDOCGбелоесладкое.png
396,ВиноигристоеРиондоПросеккоФризантебелоесухое,"Италия, 0.75 л., Венето, 10.5%",ВиноигристоеРиондоПросеккоФризантебелоесухое.png
397,ВиноигристоеКортедейРовиПросеккоЭкстраДрайзащнаимDOCбелоесухое,"Италия, 0.75 л., Венето, 11%",ВиноигристоеКортедейРовиПросеккоЭкстраДрайзащнаимDOCбелоесухое.png
398,ВиноигристоеМартиниБрютбелоебрют,"Италия, 0.75 л., Пьемонт, 11.5%",ВиноигристоеМартиниБрютбелоебрют.png
399,ВиноигристоеМартиниАстиDOCGПьемонтбелоесладкое,"Италия, 0.75 л., Пьемонт, 7.5%",ВиноигристоеМартиниАстиDOCGПьемонтбелоесладкое.png
400,ВиноигристоеМартиниПросеккоDOCВенетобелоесухое,"Италия, 0.75 л., 11.5%",ВиноигристоеМартиниПросеккоDOCВенетобелоесухое.png
401,ВиноигристоеМондороПросеккозащгеогрукDOCВенетобелоесухое,"Италия, 0.75 л., Венето, 11%",ВиноигристоеМондороПросеккозащгеогрукDOCВенетобелоесухое.png
402,ВиноигристоеМондороБрютбелоебрют,"Италия, 0.75 л., 12%",ВиноигристоеМондороБрютбелоебрют.png
403,ВиноигристоеМондороАстизащнаимDOCGПьемонтбелоесладкое,"Италия, 0.75 л., Пьемонт, 7.5%",ВиноигристоеМондороАстизащнаимDOCGПьемонтбелоесладкое.png
404,ВиноигристоеЕуженIIIТрадисьонбелоебрютпк,"Франция, 0.75 л., Шампань, 12%",ВиноигристоеЕуженIIIТрадисьонбелоебрютпк.png
405,ВиноигристоеКювеДиПиТрадишнШампаньДавидПорэбелоебрют,"Франция, 0.75 л., Шампань, 12%",ВиноигристоеКювеДиПиТрадишнШампаньДавидПорэбелоебрют.png
406,ВиноигристоевыдержанноеДжГМуммГрандКордонБрютбелоевпк,"Франция, 0.75 л., Шампань, 12%",ВиноигристоевыдержанноеДжГМуммГрандКордонБрютбелоевпк.png
407,ВиноигристоевыдержанноеМоэтиШандонИмпериальбелоебрют,"Франция, 0.75 л., Шампань, 12%",ВиноигристоевыдержанноеМоэтиШандонИмпериальбелоебрют.png
408,НастойкагорькаяПермскаяЛюкс,"Россия, 0.1 л., 35%",НастойкагорькаяПермскаяЛюкс.png
409,ВодкаСтарлей,"Россия, 0.1 л., 40%",ВодкаСтарлей.png
410,ПлодовыйалкогольныйнапитокВишняособаясовкусомконьяка,"Россия, 0.5 л., 18%",ПлодовыйалкогольныйнапитокВишняособаясовкусомконьяка.png
411,НастойкагорькаяПермскаяЛюкс,"Россия, 0.25 л., 35%",НастойкагорькаяПермскаяЛюкс.png
412,ВодкаСлавянскаямягкаянаберезовыхпочках,"Россия, 0.25 л., 40%",ВодкаСлавянскаямягкаянаберезовыхпочках.png
413,ВодкаСтарлей,"Россия, 0.25 л., 40%",ВодкаСтарлей.png
414,ВодкаТайга,"Россия, 0.375 л., 40%",ВодкаТайга.png
415,НастойкагорькаяСябрынатравеЗубровка,"Беларусь, 0.5 л., 38%",НастойкагорькаяСябрынатравеЗубровка.png
416,НастойкагорькаяСябрыМедоваянатравах,"Беларусь, 0.5 л., 38%",НастойкагорькаяСябрыМедоваянатравах.png
417,ВодкаСлавянскаямягкаянаберезовыхпочках,"Россия, 0.5 л., 40%",ВодкаСлавянскаямягкаянаберезовыхпочках.png
418,ВодкаСтарлей,"Россия, 0.5 л., 40%",ВодкаСтарлей.png
419,ВодкаБелгородскийГерб,"Россия, 0.5 л., 40%",ВодкаБелгородскийГерб.png
420,ВодкаУглёвкаКупаж1,"Россия, 0.5 л., 40%",ВодкаУглёвкаКупаж1.png
421,ВодкаПрироднаяМаркаРодниковая,"Россия, 0.5 л., 40%",ВодкаПрироднаяМаркаРодниковая.png
422,ВодкаособаяБарристерСимплМолт,"Россия, 0.5 л., 40%",ВодкаособаяБарристерСимплМолт.png
423,ВодкаСтарлей,"Россия, 0.7 л., 40%",ВодкаСтарлей.png
424,ВодкаМедведь,"Россия, 0.5 л., 40%",ВодкаМедведь.png
425,ВодкаБелугаНобл,"Россия, 0.5 л., 40%",ВодкаБелугаНобл.png
426,ВодкаМедведь,"Россия, 1 л., 40%",ВодкаМедведь.png
427,ВискикупажированныйшотландскийНоблСтаг3года,"Россия, 0.25 л., 40%",ВискикупажированныйшотландскийНоблСтаг3года.png
428,ВискикупажированныйшотландскийГленУан,"Великобритания, 0.2 л., 40%",ВискикупажированныйшотландскийГленУан.png
429,ВискикупажированныйшотландскийСирЭдвардс,"Великобритания, 0.2 л., 40%",ВискикупажированныйшотландскийСирЭдвардс.png
430,ВискизерновойДжеймсБарли,"Россия, 0.5 л., 40%",ВискизерновойДжеймсБарли.png
431,ВискикупажированныйшотландскийСирЭдвардс,"Великобритания, 0.5 л., 40%",ВискикупажированныйшотландскийСирЭдвардс.png
432,ВискикупажированныйшотландскийГленУан,"Великобритания, 0.35 л., 40%",ВискикупажированныйшотландскийГленУан.png
433,НапитокспиртнойзерновойдистиллированныйкупажированныйНоблСтагСпайсд,"Россия, 0.5 л., 35%",НапитокспиртнойзерновойдистиллированныйкупажированныйНоблСтагСпайсд.png
434,ВискикупажированныйЛонгбанк,"Россия, 0.5 л., 40%",ВискикупажированныйЛонгбанк.png
435,ВискикупажированныйшотландскийНоблСтаг3года,"Россия, 0.7 л., 40%",ВискикупажированныйшотландскийНоблСтаг3года.png
436,ВискикупажированныйшотландскийКингЧарльз,"Великобритания, 0.7 л., 40%",ВискикупажированныйшотландскийКингЧарльз.png
437,ВискикупажированныйшотландскийГленУан,"Великобритания, 0.7 л., 40%",ВискикупажированныйшотландскийГленУан.png
438,ВискикупажированныйшотландскийСирЭдвардс,"Великобритания, 0.7 л., 40%",ВискикупажированныйшотландскийСирЭдвардс.png
439,ВискикупажированныйХезерХантер3года,"Болгария, 0.7 л., 40%",ВискикупажированныйХезерХантер3года.png
440,ВискикупажированныйГаливэйЛейбл,"Китай, 0.7 л., 40%",ВискикупажированныйГаливэйЛейбл.png
441,ВискикупажированныйшотландскийСкотсГолд,"Великобритания, 0.7 л., 40%",ВискикупажированныйшотландскийСкотсГолд.png
442,ВискикупажированныйРоялГленварт,"Китай, 0.7 л., 40%",ВискикупажированныйРоялГленварт.png
443,ВискикупажированныйшотландскийВильямПил,"Франция, 0.7 л., 40%",ВискикупажированныйшотландскийВильямПил.png
444,Вискикупажированныйиндийский8ПМвыдержка3годавпк,"Индия, 0.75 л., 40%",Вискикупажированныйиндийский8ПМвыдержка3годавпк.png
445,ВискикупажированныйшотландскийВильямПил,"Франция, 1 л., 40%",ВискикупажированныйшотландскийВильямПил.png
446,ВискикупажированныйшотландскийДжонниБлонде,"Великобритания, 0.7 л., 40%",ВискикупажированныйшотландскийДжонниБлонде.png
447,ВискикупажированныйЭйгашимаШинКлассикпк,"Япония, 0.5 л., 40%",ВискикупажированныйЭйгашимаШинКлассикпк.png
448,ВискиодносолодовыйшотландскийГленливетЭкселленспк12лет,"Великобритания, 0.7 л., Спейсайд, 40%",ВискиодносолодовыйшотландскийГленливетЭкселленспк12лет.png
449,ВискиНокэнду12летпк,"Великобритания, 0.7 л., Спейсайд, 43%",ВискиНокэнду12летпк.png
450,ВискиБенриах10летТриплДистилпк,"Великобритания, 0.7 л., Спейсайд, 46%",ВискиБенриах10летТриплДистилпк.png
451,ВискиодносолодовыйЛафройгКвотерКаскпк,"Великобритания, 0.7 л., Остров Айла, 48%",ВискиодносолодовыйЛафройгКвотерКаскпк.png
452,КоньякРоссийскийСтарыйГород5лет,"Россия, 0.1 л., 40%",КоньякРоссийскийСтарыйГород5лет.png
453,КоньякРоссийскийСтарыйГород3года,"Россия, 0.1 л., 40%",КоньякРоссийскийСтарыйГород3года.png
454,КоньякРоссийскийСтарыйГород3года,"Россия, 0.25 л., 40%",КоньякРоссийскийСтарыйГород3года.png
455,КоньякРоссийскийСтарыйГород5лет,"Россия, 0.25 л., 40%",КоньякРоссийскийСтарыйГород5лет.png
456,Армянскийконьяк5звезд,"Армения, 0.25 л., 40%",Армянскийконьяк5звезд.png
457,КоктейльЛеШоколадсовкусомшоколадаиабрикоса,"Россия, 0.5 л., 30%",КоктейльЛеШоколадсовкусомшоколадаиабрикоса.png
458,КоньякКвинтТрадицииМолдавиинеменее5лет,"Молдова, 0.25 л., 40%",КоньякКвинтТрадицииМолдавиинеменее5лет.png
459,БрендиМолодойКизлярский,"Россия, 0.5 л., 40%",БрендиМолодойКизлярский.png
460,КоньякгрузинскийДавидИвериели5лет,"Грузия, 0.5 л., 40%",КоньякгрузинскийДавидИвериели5лет.png
461,Коньякармянский3года,"Армения, 0.5 л., 40%",Коньякармянский3года.png
462,Коньякармянский5лет,"Армения, 0.5 л., 40%",Коньякармянский5лет.png
463,ГрузинскийконьякДавидИвериелиВарцихе7лет,"Грузия, 0.5 л., 40%",ГрузинскийконьякДавидИвериелиВарцихе7лет.png
464,КоньякФанагория5лет,"Россия, 0.5 л., 40%",КоньякФанагория5лет.png
465,КоньякКвинтТрадицииМолдавиинеменее5лет,"Молдова, 0.5 л., 40%",КоньякКвинтТрадицииМолдавиинеменее5лет.png
466,КоньякКвинтТрадицииМолдавии10лет,"Молдова, 0.5 л., 40%",КоньякКвинтТрадицииМолдавии10лет.png
467,КоньякгрузинскийАСКАНЕЛИVS5лет,"Грузия, 0.5 л., 40%",КоньякгрузинскийАСКАНЕЛИVS5лет.png
468,НапитокспиртнойнаосновеконьякаАраратсовкусоммеда,"Армения, 0.5 л., 30%",НапитокспиртнойнаосновеконьякаАраратсовкусоммеда.png
469,БрендиДелорФрерVS,"Франция, 0.5 л., Арманьяк (Гасконь), 40%",БрендиДелорФрерVS.png
470,КоньякгрузинскийАСКАНЕЛИVSOP7лет,"Грузия, 0.7 л., 40%",КоньякгрузинскийАСКАНЕЛИVSOP7лет.png
471,БрендиДелорФрерВС,"Франция, 0.5 л., Арманьяк (Гасконь), 40%",БрендиДелорФрерВС.png
472,КоньякСЕНКЛОВС3годавпк,"Франция, 0.5 л., 40%",КоньякСЕНКЛОВС3годавпк.png
473,КоньякАДЕФуссиньиСелексьонКоллексьонтуба,"Франция, 0.5 л., Коньяк (Cognac), 40%",КоньякАДЕФуссиньиСелексьонКоллексьонтуба.png
474,БрендиДелорФрерVSOPпк,"Франция, 0.7 л., Арманьяк (Гасконь), 40%",БрендиДелорФрерVSOPпк.png
475,БрендиДелорФрерVSOPпк,"Франция, 0.7 л., Арманьяк (Гасконь), 40%",БрендиДелорФрерVSOPпк.png
476,КоньякСЕНКЛОВСОП4годавпк,"Франция, 0.7 л., Коньяк (Cognac), 40%",КоньякСЕНКЛОВСОП4годавпк.png
477,БрендиДелорФрерXOпк,"Франция, 0.7 л., Арманьяк (Гасконь), 40%",БрендиДелорФрерXOпк.png
478,БрендиДелорХОпк,"Франция, 0.7 л., Арманьяк (Гасконь), 40%",БрендиДелорХОпк.png
479,КоньякАдеФуссиньиХОпк,"Франция, 0.5 л., Коньяк (Cognac), 40%",КоньякАдеФуссиньиХОпк.png
480,КоньякSaintClosXOвпу,"Франция, 0.7 л., 40%",КоньякSaintClosXOвпу.png
481,КоктейльРафинеШоколадиВаниль,"Россия, 0.5 л., 30%",КоктейльРафинеШоколадиВаниль.png
482,КоктейльРафинеШоколадиВишня,"Россия, 0.5 л., 30%",КоктейльРафинеШоколадиВишня.png
483,ДжинБитлиБотаникал,"Россия, 0.5 л., 40%",ДжинБитлиБотаникал.png
484,ЛикерСамбукаКазаПозитано,"Италия, 0.5 л., 38%",ЛикерСамбукаКазаПозитано.png
485,ДжинФинчМэджикАладдин,"Россия, 0.5 л., 40%",ДжинФинчМэджикАладдин.png
486,РомвыдержанныйХристофороАньехо,"Россия, 0.5 л., 40%",РомвыдержанныйХристофороАньехо.png
487,СпиртнойнапитокНайтГабриеллоАпериксАперитиво,"Италия, 0.5 л., 11%",СпиртнойнапитокНайтГабриеллоАпериксАперитиво.png
488,ЛикердесертныйНайтГабриеллоАмаретто,"Италия, 0.5 л., 28%",ЛикердесертныйНайтГабриеллоАмаретто.png
489,ЛикерЛимончеллоНайтГабриэлло,"Италия, 0.5 л., 30%",ЛикерЛимончеллоНайтГабриэлло.png
490,НапитокспиртнойТобаккоСпайсд,"Испания, 0.7 л., 37.5%",НапитокспиртнойТобаккоСпайсд.png
491,ДжинОуБиЭсОбсешн,"Испания, 0.7 л., 40%",ДжинОуБиЭсОбсешн.png
492,ВодкавинограднаяНайтГабриеллоГраппаНобиле,"Италия, 0.5 л., 40%",ВодкавинограднаяНайтГабриеллоГраппаНобиле.png
493,ТекилаЛаТременда,"Испания, 0.7 л., 35%",ТекилаЛаТременда.png
494,ТекилаПелигроКатринаСильвер,"Испания, 0.7 л., 38%",ТекилаПелигроКатринаСильвер.png
495,ПивоZlatemestoсветлоефильтрованноест,"Казахстан, 0.45 л., 3.5%",ПивоZlatemestoсветлоефильтрованноест.png
496,ПивоБаренхаймУрхеллсветлоефильтрованноежб,"Германия, 0.33 л., 4.9%",ПивоБаренхаймУрхеллсветлоефильтрованноежб.png
497,ПивоБаренхаймФестбирсветлоефильтрованноежб,"Германия, 0.33 л., 6%",ПивоБаренхаймФестбирсветлоефильтрованноежб.png
498,ПивоБаренхаймКеллербирсветлоенефильтрованноежб,"Германия, 0.33 л., 4.8%",ПивоБаренхаймКеллербирсветлоенефильтрованноежб.png
499,ПивоШтайнингерПилссветлоефильтрованноежб,"Германия, 0.5 л., 4.8%",ПивоШтайнингерПилссветлоефильтрованноежб.png
500,ПивоРечицкоеЭкспортноесветлоефильтрованноест,"Беларусь, 0.45 л., 4.7%",ПивоРечицкоеЭкспортноесветлоефильтрованноест.png
501,ПивоХопРайдерСешнИПАсветлоенефильтрованноежб,"Германия, 0.33 л., 4.9%",ПивоХопРайдерСешнИПАсветлоенефильтрованноежб.png
502,ПивоХопРайдерУитПэйлЭльсветлоенефильтрованноежб,"Германия, 0.33 л., 5.6%",ПивоХопРайдерУитПэйлЭльсветлоенефильтрованноежб.png
503,ПивоХопРайдерЭкстраСтауттемноефильтрованноежб,"Германия, 0.33 л., 5.7%",ПивоХопРайдерЭкстраСтауттемноефильтрованноежб.png
504,ПивоErzmannMildсветлоефильтрованноест,"Казахстан, 0.45 л., 4%",ПивоErzmannMildсветлоефильтрованноест.png
505,ПивоШтайнингерХефевайсбирсветлоенефильтрованноежб,"Германия, 0.5 л., 5.2%",ПивоШтайнингерХефевайсбирсветлоенефильтрованноежб.png
506,ПивоЭрзманнЛайтсветлоест,"Казахстан, 0.45 л., 4%",ПивоЭрзманнЛайтсветлоест.png
507,ПивоЕвротурЛагерсветлоефильтрованноепастеризованноежб,"Германия, 0.5 л., 5.4%",ПивоЕвротурЛагерсветлоефильтрованноепастеризованноежб.png
508,ПивоЕвротурШварцтемноефильтрованноепастеризованноежб,"Германия, 0.5 л., 5%",ПивоЕвротурШварцтемноефильтрованноепастеризованноежб.png
509,ПивоЕвротурХефевайсбирсветлоенефильтрованноежб,"Германия, 0.5 л., 5%",ПивоЕвротурХефевайсбирсветлоенефильтрованноежб.png
510,ПивоХопфендорфбасветлоефильтрпастержб,"Германия, 0.5 л.",ПивоХопфендорфбасветлоефильтрпастержб.png
511,ПивоРатсхеренФранкфуртерcветлоенефильтрованноежб,"Германия, 0.5 л., 5.4%",ПивоРатсхеренФранкфуртерcветлоенефильтрованноежб.png
512,ПивоРатсхеренФранкфуртерПилснерcветлоефильтрованноежб,"Германия, 0.5 л., 5.2%",ПивоРатсхеренФранкфуртерПилснерcветлоефильтрованноежб.png
513,ПивоХопфендорфШварцбиртемноефильтрованноепастеризованноежб,"Германия, 0.5 л., 5%",ПивоХопфендорфШварцбиртемноефильтрованноепастеризованноежб.png
514,ПивоХопфендорфХефеВайценсветлоенефильтрованноежб,"Германия, 0.5 л., 5%",ПивоХопфендорфХефеВайценсветлоенефильтрованноежб.png
515,ПивоХопфендорфПилснерсветлоефильтрованноежб,"Германия, 0.5 л., 4.9%",ПивоХопфендорфПилснерсветлоефильтрованноежб.png
516,ПивоПортер820темноепастеризованноест,"Беларусь, 0.5 л., 8.5%",ПивоПортер820темноепастеризованноест.png
517,ПивоБохольтерКвикПремиумЛагерБирсветлоефильтрованноежб,"Бельгия, 0.5 л., 5%",ПивоБохольтерКвикПремиумЛагерБирсветлоефильтрованноежб.png
518,ПивоСешнБлондЭльсветлоефильтрованноест,"Беларусь, 0.5 л., 5%",ПивоСешнБлондЭльсветлоефильтрованноест.png
519,ПивоИчангсветлоефильтрованноест,"Казахстан, 0.62 л., 3.8%",ПивоИчангсветлоефильтрованноест.png
520,ПивоFieryShieldсветлоефильтрованноест,"Нидерланды, 0.33 л., 4.7%",ПивоFieryShieldсветлоефильтрованноест.png
521,ПивоРижскоеОригинальноесветлоест,"Россия, 0.45 л., 4.5%",ПивоРижскоеОригинальноесветлоест.png
522,ПивоРижскоеОригинальноесветлоежб,"Россия, 0.45 л., 4.5%",ПивоРижскоеОригинальноесветлоежб.png
523,ПивоСвежееспивоварнисветлоенепастеризованноест,"Россия, 0.45 л., 4%",ПивоСвежееспивоварнисветлоенепастеризованноест.png
524,ПивоСвежееспивоварнисветлоенепастеризованноежб,"Россия, 0.45 л., 4%",ПивоСвежееспивоварнисветлоенепастеризованноежб.png
525,ПивоРазливнойКолоссветлоест,"Россия, 0.45 л., 4.2%",ПивоРазливнойКолоссветлоест.png
526,ПивоЖигулевскоесветлоефильтрованноест,"Россия, 0.45 л., 4.5%",ПивоЖигулевскоесветлоефильтрованноест.png
527,ПивоЖигулиБарноеБархатноежб,"Россия, 0.45 л., 4.5%",ПивоЖигулиБарноеБархатноежб.png
528,ПивоПятницкоеБулгарпивонефильтрованноест,"Россия, 0.45 л., 4.1%",ПивоПятницкоеБулгарпивонефильтрованноест.png
529,ПивоВиндмоленнефильтрованноесветлоест,"Россия, 0.45 л., 5%",ПивоВиндмоленнефильтрованноесветлоест.png
530,ПивоНемецкоесветлоефильтрованноест,"Россия, 0.44 л., 4.2%",ПивоНемецкоесветлоефильтрованноест.png
531,ПивоЧепецкоесветлое,"Россия, 0.33 л., 4%",ПивоЧепецкоесветлое.png
532,ПивоЖигулиБарноесветлоефильтрованноенепастеризованноест,"Россия, 0.45 л., 5.5%",ПивоЖигулиБарноесветлоефильтрованноенепастеризованноест.png
533,ПивоНародноедостояниесветлоефильтрованноест,"Россия, 0.5 л., 4.3%",ПивоНародноедостояниесветлоефильтрованноест.png
534,ПивоБергауэрКлассическоесветлоефильтрованноест,"Россия, 0.5 л., 4.8%",ПивоБергауэрКлассическоесветлоефильтрованноест.png
535,ПивоБергауэрБелоеПшеничноесветлоенефильтрованноест,"Россия, 0.5 л., 4%",ПивоБергауэрБелоеПшеничноесветлоенефильтрованноест.png
536,ПивоИжевскоепремиумст,"Россия, 0.33 л., 4%",ПивоИжевскоепремиумст.png
537,ПивоКрюгерТрадиционноесветлоепастеризованноест,"Россия, 0.5 л., 4.9%",ПивоКрюгерТрадиционноесветлоепастеризованноест.png
538,ПивоВолжскаяПивоварнятемное,"Россия, 0.9 л., 4.6%",ПивоВолжскаяПивоварнятемное.png
539,ПивнойнапитокГолдМайнБирНефильтрованный,"Россия, 1.15 л., 5%",ПивнойнапитокГолдМайнБирНефильтрованный.png
540,ПивоРижскоеОригинальноесветлоефильтрованное,"Россия, 1.3 л., 4.5%",ПивоРижскоеОригинальноесветлоефильтрованное.png
541,ПивоАвстрийскоетрадиционноесветлое,"Россия, 1.5 л., 4.9%",ПивоАвстрийскоетрадиционноесветлое.png
542,ПивоПшеничноемягкоенефильтрованное,"Россия, 1.5 л., 4.8%",ПивоПшеничноемягкоенефильтрованное.png
543,ПивоЖиваяВаркасветлоенефильтрованное,"Россия, 1.5 л., 4.9%",ПивоЖиваяВаркасветлоенефильтрованное.png
544,НапитокслабоалкогольныйСаниБризмангоананасличист,"Россия, 0.33 л., 7%",НапитокслабоалкогольныйСаниБризмангоананасличист.png
545,ПивнойнапитокПикАппастерсовкусомромалаймаимятыст,"Россия, 0.33 л., 5%",ПивнойнапитокПикАппастерсовкусомромалаймаимятыст.png
546,НапитокслабоалкогольныйСаниБризлимонлайммятаимбирьст,"Россия, 0.33 л., 7%",НапитокслабоалкогольныйСаниБризлимонлайммятаимбирьст.png
547,НапитокслабоалкогольныйСаниБризмалинаасаисмородинаст,"Россия, 0.33 л., 7%",НапитокслабоалкогольныйСаниБризмалинаасаисмородинаст.png
548,НапитокслабоалкогольныйМарибуБарМохитожб,"Россия, 0.45 л., 7.2%",НапитокслабоалкогольныйМарибуБарМохитожб.png
549,НапитокслабоалкогольныйМарибуБарДайкириклубника,"Россия, 0.45 л., 7.2%",НапитокслабоалкогольныйМарибуБарДайкириклубника.png
550,ПитьеваяводаПилигримнегазированная,"Россия, 0.5 л.",ПитьеваяводаПилигримнегазированная.png
551,ПитьеваяводаПилигримгазированная,"Россия, 0.5 л.",ПитьеваяводаПилигримгазированная.png
552,МинеральнаяводаКургазакЯнгантаугазированная,"Россия, 0.5 л.",МинеральнаяводаКургазакЯнгантаугазированная.png
553,НапитоксильногазированныйЛимонад,"Россия, 1.5 л.",НапитоксильногазированныйЛимонад.png
554,НапитокПилигримЛимоннегазированный,"Россия, 0.5 л.",НапитокПилигримЛимоннегазированный.png
555,ПитьеваяводаПилигримгазированная,"Россия, 1.5 л.",ПитьеваяводаПилигримгазированная.png
556,ПитьеваяводаПилигримнегазированная,"Россия, 1.5 л.",ПитьеваяводаПилигримнегазированная.png
557,НапитокПилигримсовкусомМалинынегазированный,"Россия, 0.5 л.",НапитокПилигримсовкусомМалинынегазированный.png
558,МинеральнаяводаКургазакЯнгантаугазированная,"Россия, 1.5 л.",МинеральнаяводаКургазакЯнгантаугазированная.png
559,МинеральнаяводаАшТаугазированная,"Россия, 1 л.",МинеральнаяводаАшТаугазированная.png
560,ПюреХайнцнежнаягрушка,"Россия, 90 г",ПюреХайнцнежнаягрушка.png
561,НапитокЗиззиСвитаминбажб,"Россия, 0.25 л.",НапитокЗиззиСвитаминбажб.png
562,КвасЯхонтТрапезныйжб,"Россия, 0.45 л.",КвасЯхонтТрапезныйжб.png
563,ГазированныйнапитокСтарыеДобрыеТрадицииТархунстекло,"Россия, 0.5 л.",ГазированныйнапитокСтарыеДобрыеТрадицииТархунстекло.png
564,ГазированныйнапитокСтарыеДобрыеТрадицииЛимонадстекло,"Россия, 0.5 л.",ГазированныйнапитокСтарыеДобрыеТрадицииЛимонадстекло.png
565,ТонизирующийнапитокПуллжб,"Россия, 0.45 л.",ТонизирующийнапитокПуллжб.png
566,КвасДобрыйхлеб,"Россия, 1.5 л.",КвасДобрыйхлеб.png
567,ЭнергетическийнапитокFlashUpEnergy,"Россия, 0.5 л.",ЭнергетическийнапитокFlashUpEnergy.png
568,ГазнапитокМилкисжб,"Корея, 0.25 л.",ГазнапитокМилкисжб.png
569,СокКралГранатовыйпрямогоотжима,"Россия, 0.25 л.",СокКралГранатовыйпрямогоотжима.png
570,НапитокМорсэльклюкваибрусника,"Россия, 1 л.",НапитокМорсэльклюкваибрусника.png
571,КвасИзюминка,"Россия, 1.5 л.",КвасИзюминка.png
572,НектармультифруктовыйДивныйсад,"Россия, 2 л",НектармультифруктовыйДивныйсад.png
573,ГазированнаяводаРичколаст,"Россия, 0.33 л.",ГазированнаяводаРичколаст.png
574,ЭнергетическийнапитокRedBull,"Сербия, 0.25 л.",ЭнергетическийнапитокRedBull.png
575,МорсклюквенныйКрал,"Россия, 1 л.",МорсклюквенныйКрал.png
576,МинеральнаяводаКобигазированная,"Грузия, 1 л.",МинеральнаяводаКобигазированная.png
577,НектарКралманго,"Россия, 1 л.",НектарКралманго.png
578,СокКралапельсин,"Россия, 1 л.",СокКралапельсин.png
579,СокКралГранатовыйпрямогоотжима,"Россия, 1 л.",СокКралГранатовыйпрямогоотжима.png
580,БратцыВареникискартофелемисливочныммаслом,"Россия, 350 г",БратцыВареникискартофелемисливочныммаслом.png
581,Крабовыепалочки,"Беларусь, 200 г",Крабовыепалочки.png
582,ТестоТалостозамороженноеслоеноедрожжевое,"Россия, 500 г",ТестоТалостозамороженноеслоеноедрожжевое.png
583,Колбасанарезкаск90100г,"Россия, 90 г",Колбасанарезкаск90100г.png
584,СервелатКоньячныйвкнарезка,"Россия, 100 г",СервелатКоньячныйвкнарезка.png
585,Балыкнарезка,"Россия, 100 г",Балыкнарезка.png
586,КрабовыепалочкиСделановмореохлажденные,"Россия, 200 г",КрабовыепалочкиСделановмореохлажденные.png
587,Корейкаскнарезка,"Россия, 100 г",Корейкаскнарезка.png
588,Карпаччоизкурицыск,"Россия, 100 г",Карпаччоизкурицыск.png
589,АнгусБургерсгорчичнымсоусомМираторг,"Россия, 160 г",АнгусБургерсгорчичнымсоусомМираторг.png
590,Тестозамороженноеслоеноедрожжевое,"Россия, 500 г",Тестозамороженноеслоеноедрожжевое.png
591,КолбасаАссортиСервелеттииПрошуттонарезкаск,"Россия, 85 г",КолбасаАссортиСервелеттииПрошуттонарезкаск.png
592,СарделькиГовяжьипоатяшевски,"Россия, 360 г",СарделькиГовяжьипоатяшевски.png
593,СарделькиГовяжьиМясницкийряд,"Россия, 360 г",СарделькиГовяжьиМясницкийряд.png
594,НарезкаГовядинаДеликатесная,"Россия, 90 г",НарезкаГовядинаДеликатесная.png
595,СосискиСливочныеГОСТ,"Россия, 330 г",СосискиСливочныеГОСТ.png
596,ПастаАнтарктикКриль,"Россия, 150 г",ПастаАнтарктикКриль.png
597,КолбасаМиланскаянарезкаск,"Россия, 90 г",КолбасаМиланскаянарезкаск.png
598,КолбаскиДымовдлягриляизкурицыссыромполукопченые,"Россия, 260 г",КолбаскиДымовдлягриляизкурицыссыромполукопченые.png
599,БалыкскКристалл,"Россия, 100 г",БалыкскКристалл.png
600,ФилесельдивмаслеРусскоеморе,"Беларусь, 230 г",ФилесельдивмаслеРусскоеморе.png
601,Мойвахолодногокопчения,"Россия, 200 г",Мойвахолодногокопчения.png
602,СосискиклассикаПапаМожет,"Россия, 350 г",СосискиклассикаПапаМожет.png
603,ХолодецДомашний,"Россия, 450 г",ХолодецДомашний.png
604,СервелатАсторияЧеркизово,"Россия, 300 г",СервелатАсторияЧеркизово.png
605,Мойвахк,"Беларусь, 200 г",Мойвахк.png
606,КолбасаБалыковая,"Россия, 330 г",КолбасаБалыковая.png
607,СалосолёноесперцемМарти,"Россия, 250 г",СалосолёноесперцемМарти.png
608,Сельдьфилекусочкивмасле,"Россия, 400 г",Сельдьфилекусочкивмасле.png
609,Икорнрыбноеизделие,"Беларусь, 180 г",Икорнрыбноеизделие.png
610,ХолодецДомашний,"Россия, 500 г",ХолодецДомашний.png
611,ВетчинаСочная,"Россия, 400 г",ВетчинаСочная.png
612,Буженинаизмясаптицы,"Россия, 350 г",Буженинаизмясаптицы.png
613,КолбасаваренаяДокторская,"Россия, 400 г",КолбасаваренаяДокторская.png
614,СосискиБаварскиессыром,"Россия, 300 г",СосискиБаварскиессыром.png
615,БеконВелкомсырокопченыйву,"Россия, 200 г",БеконВелкомсырокопченыйву.png
616,ГрудинкаОхотничьявк,"Россия, 300 г",ГрудинкаОхотничьявк.png
617,КолбасаБалыковаяполукопченаяПапаможет,"Россия, 310 г",КолбасаБалыковаяполукопченаяПапаможет.png
618,СарделькисговядинойПапаМожет400гр6,"Россия, 400 г",СарделькисговядинойПапаМожет400гр6.png
619,БеконSoLaMiИтальянскийву,"Россия, 200 г",БеконSoLaMiИтальянскийву.png
620,СервелатМелкозерненыйваренокопченаявву,"Россия, 350 г",СервелатМелкозерненыйваренокопченаявву.png
621,Ассортигорбушаискумбрияхолоднкопчения,"Россия, 200 г",Ассортигорбушаискумбрияхолоднкопчения.png
622,Скумбрияатлантическаяхолодногокопчения,"Россия, 280 г",Скумбрияатлантическаяхолодногокопчения.png
623,СосискисочныеМираторг,"Россия, 350 г",СосискисочныеМираторг.png
624,КолбасаОстанкиноСалямисырокопченая,"Россия, 250 г",КолбасаОстанкиноСалямисырокопченая.png
625,КарбонадSolamiваренокопченый,"Россия, 300 г",КарбонадSolamiваренокопченый.png
626,Крылышкикуриныевсоусесацебели,"Россия, 300 г",Крылышкикуриныевсоусесацебели.png
627,ПельмениМираторгдомашние,"Россия, 800 г",ПельмениМираторгдомашние.png
628,КреветкикоролевскиеБухтаизобилия90120,"Россия, 400 г",КреветкикоролевскиеБухтаизобилия90120.png
629,ЯйцокуриноеС2ГОСТ,"Россия, 1 шт",ЯйцокуриноеС2ГОСТ.png
630,ЯйцокуриноеС1ГОСТ,"Россия, 1 шт",ЯйцокуриноеС1ГОСТ.png
631,СыррассольныйЧечилКосичкакопченаякосичка40,"Россия, 100 г",СыррассольныйЧечилКосичкакопченаякосичка40.png
632,СырЧечилспагетти45,"Россия, 100 г",СырЧечилспагетти45.png
633,МолокоцельноесгущенноессахаромВологодскоеГОСТ85,"Россия, 270 г",МолокоцельноесгущенноессахаромВологодскоеГОСТ85.png
634,МолокоцельноесгущенноессахаромВологодскоеГОСТ85,"Россия, 370 г",МолокоцельноесгущенноессахаромВологодскоеГОСТ85.png
635,СырЧечилСпагеттикопченый,"Россия, 100 г",СырЧечилСпагеттикопченый.png
636,СырЧечилСпагетти,"Россия, 100 г",СырЧечилСпагетти.png
637,СырЧечилКосичкакопченая,"Россия, 100 г",СырЧечилКосичкакопченая.png
638,СырЧечилспагеттикопченый43,"Россия, 100 г",СырЧечилспагеттикопченый43.png
639,СырКосакопченый,"Россия, 110 г",СырКосакопченый.png
640,СырЧечилспагеттисукропом,"Россия, 120 г",СырЧечилспагеттисукропом.png
641,СырАссорти,"Россия, 120 г",СырАссорти.png
642,СырмягкийАлтиБрисбелойплесенью60100г,"Россия, 100 г",СырмягкийАлтиБрисбелойплесенью60100г.png
643,СырБрисбелойплесеньюИзЖуковки60,"Россия, 125 г",СырБрисбелойплесеньюИзЖуковки60.png
644,МолокоцельноесгущенноессахаромГОСТДЕП85,"Казахстан, 600 г",МолокоцельноесгущенноессахаромГОСТДЕП85.png
645,ВермишельПетрасовкусомкурицы,"Россия, 50 г",ВермишельПетрасовкусомкурицы.png
646,КофейныйнапитокМакКофеОриджинал3в1,"Россия, 20 г",КофейныйнапитокМакКофеОриджинал3в1.png
647,ВермишельРоллтонскурицей,"Россия, 60 г",ВермишельРоллтонскурицей.png
648,КофейныйнапитокМакКофеКапучинодиТориносшоколадом3в1,"Россия, 25,5 г",КофейныйнапитокМакКофеКапучинодиТориносшоколадом3в1.png
649,КартофельноепюреРоллтонскуринымвкусом,"Россия, 40 г",КартофельноепюреРоллтонскуринымвкусом.png
650,ЛапшаБигБонВокостраяговядинавсоусепокитайски,"Россия, 85 г",ЛапшаБигБонВокостраяговядинавсоусепокитайски.png
651,МакаронныеизделияРожкиРоллтон,"Россия, 400 г",МакаронныеизделияРожкиРоллтон.png
652,МакаронныеизделияспагеттиРоллтон,"Россия, 400 г",МакаронныеизделияспагеттиРоллтон.png
653,ХлопьяовсяныеКлассическиеЯсноСолнышко,"Россия, 325 г",ХлопьяовсяныеКлассическиеЯсноСолнышко.png
654,ЧайчерныйсароматомБергамотаароматизированныйЧайнаямастерскаяВека,"Россия, 25 пак",ЧайчерныйсароматомБергамотаароматизированныйЧайнаямастерскаяВека.png
655,ЧайчерныйЧайнаямастерскаяВека,"Россия, 25 пак",ЧайчерныйЧайнаямастерскаяВека.png
656,ЧайчерныйсЧабрецомиДушицейароматизированныйЧайнаямастерскаяВека,"Россия, 25 пак",ЧайчерныйсЧабрецомиДушицейароматизированныйЧайнаямастерскаяВека.png
657,МакаронныеизделияРожкирифленыеPastaZara500г,"Россия, 500 г",МакаронныеизделияРожкирифленыеPastaZara500г.png
658,МакаронныеизделияспагеттиPastaZaraКлассические500г,"Россия, 500 г",МакаронныеизделияспагеттиPastaZaraКлассические500г.png
659,ЛапшаяичнаяРоллтонподомашнему,"Россия, 400 г",ЛапшаяичнаяРоллтонподомашнему.png
660,Рафинад,"Россия, 1 кг",Рафинад.png
661,МайонезMrRiccoПровансаль67,"Россия, 400 мл",МайонезMrRiccoПровансаль67.png
662,ЧайAhmadTeaЧабрецчерный,"Россия, 25 пак",ЧайAhmadTeaЧабрецчерный.png
663,ЧайAhmadTeaКлубникасосливкамичерный,"Россия, 25 пак",ЧайAhmadTeaКлубникасосливкамичерный.png
664,МайонезМахеевъсперепелинымяйцом67,"Россия, 400 мл",МайонезМахеевъсперепелинымяйцом67.png
665,Маслоподсолнечноерафинированное,"Россия, 1 л.",Маслоподсолнечноерафинированное.png
666,МакаронныеизделияСпагетти1881АльБронзо,"Италия, 500 г",МакаронныеизделияСпагетти1881АльБронзо.png
667,МакаронныеизделияПерья1881АльБронзо,"Италия, 500 г",МакаронныеизделияПерья1881АльБронзо.png
668,МаслооливковоеRIOGRASAExtraVirginOilOliveнерафинированное,"Испания, 0.5 л.",МаслооливковоеRIOGRASAExtraVirginOilOliveнерафинированное.png
669,КофеЭгоистXOмолотыйврастворимом,"Швейцария, 100 г",КофеЭгоистXOмолотыйврастворимом.png
670,ПаштетпеченочныйсИндюшинойпеченью,"Россия, 95 г",ПаштетпеченочныйсИндюшинойпеченью.png
671,Паштетпеченочныйсгусинойпеченью,"Россия, 95 г",Паштетпеченочныйсгусинойпеченью.png
672,Килькачерноморскаявтоматномсоусе,"Россия, 240 г",Килькачерноморскаявтоматномсоусе.png
673,ГорошекзеленыйHEINZНежныйГОСТ,"Россия, 400 г",ГорошекзеленыйHEINZНежныйГОСТ.png
674,Килькабалтийскаяобжареннаявтоматномсоусе,"Россия, 240 г",Килькабалтийскаяобжареннаявтоматномсоусе.png
675,КукурузасладкаяGLOBUS,"Россия, 425 мл",КукурузасладкаяGLOBUS.png
676,КукурузасладкаяHEINZ,"Россия, 340 г",КукурузасладкаяHEINZ.png
677,ГорошекзеленыйГОСТ,"Россия, 400 г",ГорошекзеленыйГОСТ.png
678,СалатМорковьпокорейски,"Россия, 350 г",СалатМорковьпокорейски.png
679,ПастатоматнаяЯщикАстраханскихПомидоров,"Россия, 205 г",ПастатоматнаяЯщикАстраханскихПомидоров.png
680,СардинаАзбукаморятихоокеанскаяивасинатуральнаясмаслом,"Россия, 245 г",СардинаАзбукаморятихоокеанскаяивасинатуральнаясмаслом.png
681,СалатМорковьпикантнаяЛеор,"Беларусь, 380 г",СалатМорковьпикантнаяЛеор.png
682,ТоматымаринованныеПомидоровна,"Россия, 680 г",ТоматымаринованныеПомидоровна.png
683,Шпротыизбалтийскойкилькивмасле,"Россия, 160 г",Шпротыизбалтийскойкилькивмасле.png
684,Печеньтрескипомурманскисключом,"Россия, 185 г",Печеньтрескипомурманскисключом.png
685,МинитоматыСкатертьСамобранкамаринованные,"Россия, 680 г",МинитоматыСкатертьСамобранкамаринованные.png
686,Оливкибезкосточки,"Испания, 314 мл",Оливкибезкосточки.png
687,Маслиныбезкосточки,"Испания, 314 мл",Маслиныбезкосточки.png
688,АссортиизтоматовиогурцовКубаньПродукт,"Россия, 680 г",АссортиизтоматовиогурцовКубаньПродукт.png
689,КорнишонымаринованныеЗастольныеСкатертьСамобранка,"Россия, 350 г",КорнишонымаринованныеЗастольныеСкатертьСамобранка.png
690,ГрибышампиньоныБабушкинХуторокКлассические,"Беларусь, 450 г",ГрибышампиньоныБабушкинХуторокКлассические.png
691,МясоцыпленкавсобственномсокуМамир,"Россия, 325 г",МясоцыпленкавсобственномсокуМамир.png
692,Килькапряногопосолавмасле,"Россия, 180 г",Килькапряногопосолавмасле.png
693,Скумбриясдобавлениеммасла,"Россия, 240 г",Скумбриясдобавлениеммасла.png
694,ЕКОФасольподомашнемусгрибамист,"Россия, 530 г",ЕКОФасольподомашнемусгрибамист.png
695,Горбушанатуральная,"Россия, 240 г",Горбушанатуральная.png
696,ОгурчикимаринованныеЯрмарка,"Россия, 680 г",ОгурчикимаринованныеЯрмарка.png
697,ОгурчикимаринованныеДомашниеСкатертьСамобранка,"Россия, 680 г",ОгурчикимаринованныеДомашниеСкатертьСамобранка.png
698,Тунецвсобственномсокусключом,"Тайланд, 185 г",Тунецвсобственномсокусключом.png
699,ТоматыДядяВаня,"Россия, 680 г",ТоматыДядяВаня.png
700,СвининатушенаявысшийсортГОСТключ,"Россия, 338 г",СвининатушенаявысшийсортГОСТключ.png
701,Оленинатушенаяособая,"Россия, 290 г",Оленинатушенаяособая.png
702,ЕКОБаклажаныподомашнемуст,"Россия, 530 г",ЕКОБаклажаныподомашнемуст.png
703,Шампиньонымаринованные,"Беларусь, 330 г",Шампиньонымаринованные.png
704,ГовядинатушенаявысшийсортГОСТключ,"Россия, 338 г",ГовядинатушенаявысшийсортГОСТключ.png
705,Тунецкусочкамивмаслесключом,"Тайланд, 185 г",Тунецкусочкамивмаслесключом.png
706,ОгурцыМеленъмаринованныезеленьчеснок,"Россия, 900 г",ОгурцыМеленъмаринованныезеленьчеснок.png
707,АссортиМеленъмаринованное,"Россия, 900 г",АссортиМеленъмаринованное.png
708,АссортисосладкимперцемДядяВаня,"Россия, 680 г",АссортисосладкимперцемДядяВаня.png
709,Грибыопятамаринованныестерилизованные,"Беларусь, 330 г",Грибыопятамаринованныестерилизованные.png
710,Ананасконсервированныйкольцажб,"Вьетнам, 580 мл",Ананасконсервированныйкольцажб.png
711,КонинатушенаявысшийсортГОСТ,"Россия, 338 г",КонинатушенаявысшийсортГОСТ.png
712,Говядинатушеная,"Россия, 325 г",Говядинатушеная.png
713,Огурцысвежиелоток,"Россия, 600 г",Огурцысвежиелоток.png
714,Томатысвежиелоток,"Россия, 600 г",Томатысвежиелоток.png
715,Томатычерри,"Россия, 250 г",Томатычерри.png
716,Яблокисвежие,"Азербайджан, 1 кг",Яблокисвежие.png
717,КарамельСтрайк,"Россия, 11,3 г",КарамельСтрайк.png
718,Маршмеллоузефир,"Россия, 12 г",Маршмеллоузефир.png
719,ЧупаЧупсБабблиКоламикс,"Россия, 17 г",ЧупаЧупсБабблиКоламикс.png
720,Карамельледенцоваянапалочкескислойпудрой,"Россия, 10 г",Карамельледенцоваянапалочкескислойпудрой.png
721,КонфетаДаёжъ,"Россия, 30 г",КонфетаДаёжъ.png
722,Козинакподсолнечный,"Россия, 150 г",Козинакподсолнечный.png
723,ВафлиЗебравшоколаднойглазури,"Россия, 40 г",ВафлиЗебравшоколаднойглазури.png
724,МолочныйшоколадBabyfox,"Россия, 45 г",МолочныйшоколадBabyfox.png
725,МармеладКрутФрут,"Россия, 70 г",МармеладКрутФрут.png
726,ПломбирклассическийЛипецкое,"Россия, 80 г",ПломбирклассическийЛипецкое.png
727,ЖевательнаяконфетаФрутТеллаАссорти,"Россия, 41 г",ЖевательнаяконфетаФрутТеллаАссорти.png
728,МороженоевафельныйстаканКузяпломбир12,"Россия, 70 г",МороженоевафельныйстаканКузяпломбир12.png
729,ИрисМеллерШоколад,"Россия, 38 г",ИрисМеллерШоколад.png
730,МороженоевафельныйстаканКузяшоккрошка,"Россия, 70 г",МороженоевафельныйстаканКузяшоккрошка.png
731,ВафельныйбатончикAlpellaпокрытыймолочнымшоколадом,"Турция, 38 г",ВафельныйбатончикAlpellaпокрытыймолочнымшоколадом.png
732,МороженоеэскимоСССРсливочноеванильвшоколаднойглазури,"Россия, 70 г",МороженоеэскимоСССРсливочноеванильвшоколаднойглазури.png
733,ДражеСкиттлсФруктовыйвкус,"Россия, 38 г",ДражеСкиттлсФруктовыйвкус.png
734,ХалваподсолнечнаяТимоша,"Россия, 250 г",ХалваподсолнечнаяТимоша.png
735,ШоколадныйбатончикспеченьемикарамельюAlbeniXXL,"Казахстан, 72 г",ШоколадныйбатончикспеченьемикарамельюAlbeniXXL.png
736,ШоколадСтепмолочныйсовсянымпеченьемарахисомикарамелью,"Россия, 85 г",ШоколадСтепмолочныйсовсянымпеченьемарахисомикарамелью.png
737,ШоколадСтепмолочныйсарахисомикарамелью,"Россия, 85 г",ШоколадСтепмолочныйсарахисомикарамелью.png
738,ДражеMMsсарахисом,"Россия, 45 г",ДражеMMsсарахисом.png
739,МороженоебумажстНастоящийпломбир15,"Россия, 80 г",МороженоебумажстНастоящийпломбир15.png
740,МороженоепломбирСелоЗеленоевафельныйстаканчик,"Россия, 90 г",МороженоепломбирСелоЗеленоевафельныйстаканчик.png
741,ШоколадБабаевскийгорький,"Россия, 60 г",ШоколадБабаевскийгорький.png
742,МороженоеэскимоскарамельюЛёвушка,"Россия, 65 г",МороженоеэскимоскарамельюЛёвушка.png
743,ШоколадВдохновениеклассический,"Россия, 60 г",ШоколадВдохновениеклассический.png
744,ШоколадАленкамолочный,"Россия, 60 г",ШоколадАленкамолочный.png
745,МороженоейогуртноеПростоквашиносмалинойвафст80г,"Россия, 80 г",МороженоейогуртноеПростоквашиносмалинойвафст80г.png
746,МороженоеСтепэскимосливочноескарамельюиарахисомвмолочношоколаднойглазури,"Россия, 65 г",МороженоеСтепэскимосливочноескарамельюиарахисомвмолочношоколаднойглазури.png
747,БатончикглазированныйSNAQFABRIQКокос,"Россия, 40 г",БатончикглазированныйSNAQFABRIQКокос.png
748,Шоколадноеяйцоссюрпризом,"Россия, 1 шт",Шоколадноеяйцоссюрпризом.png
749,МороженоеЛакомка,"Россия, 80 г",МороженоеЛакомка.png
750,МороженоеНастоящийпломбирванилввафлях20,"Россия, 80 г",МороженоеНастоящийпломбирванилввафлях20.png
751,ЖевмармеладМаямавассортименте,"Россия, 170 г",ЖевмармеладМаямавассортименте.png
752,МороженоеСвитлогорьеЗолотаяирискасароматомваниливкарамельнойглазури,"Россия, 80 г",МороженоеСвитлогорьеЗолотаяирискасароматомваниливкарамельнойглазури.png
753,ШоколадАльбенипеченьекремскарамелью,"Казахстан, 85 г",ШоколадАльбенипеченьекремскарамелью.png
754,МороженоеэскимоSalwadoreЧетырешоколада,"Россия, 80 г",МороженоеэскимоSalwadoreЧетырешоколада.png
755,ШоколадБабаевскийтемныйскешьюифундуком,"Россия, 70 г",ШоколадБабаевскийтемныйскешьюифундуком.png
756,ШоколадБабаевскийтемныйсгрушейиминдалем70г,"Россия, 70 г",ШоколадБабаевскийтемныйсгрушейиминдалем70г.png
757,Пастаореховаяскакаоихлебнымипалочками,"Турция, 55 г",Пастаореховаяскакаоихлебнымипалочками.png
758,МороженоеэскимоСССР,"Россия, 80 г",МороженоеэскимоСССР.png
759,ШоколадБабаевскийтемныйсмалинойиминдалем,"Россия, 70 г",ШоколадБабаевскийтемныйсмалинойиминдалем.png
760,МороженоемолочноеэскимоСникерс,"Россия, 65 г",МороженоемолочноеэскимоСникерс.png
761,МороженоеCarteDorгрецкийорехикарамель,"Россия, 70 г",МороженоеCarteDorгрецкийорехикарамель.png
762,Чакчакмедовый,"Россия, 250 г",Чакчакмедовый.png
763,КонфетыKonfestaглазированныескарамельнокремовойначинкой,"Россия, 130 г",КонфетыKonfestaглазированныескарамельнокремовойначинкой.png
764,ШоколадФлормолочныйсминдалемкарамельюиморскойсолью,"Франция, 100 г",ШоколадФлормолочныйсминдалемкарамельюиморскойсолью.png
765,БелыйшоколадTurrimсцельнымлесныморехомихрустящимрисом,"Италия, 100 г",БелыйшоколадTurrimсцельнымлесныморехомихрустящимрисом.png
766,ШоколадФлортемныйсминдалемиапельсиновойцедрой,"Франция, 100 г",ШоколадФлортемныйсминдалемиапельсиновойцедрой.png
767,ШоколадФлортемный,"Франция, 90 г",ШоколадФлортемный.png
768,ШоколадФлортемныйсгрушейиминдалемвкарамели,"Франция, 100 г",ШоколадФлортемныйсгрушейиминдалемвкарамели.png
769,ТемныйшоколадTurrimсцельныморехом,"Италия, 100 г",ТемныйшоколадTurrimсцельныморехом.png
770,МолочныйшоколадTurrimсцельнымлесныморехом,"Италия, 100 г",МолочныйшоколадTurrimсцельнымлесныморехом.png
771,КонфетыОРЕШКАсцельнымфундукомсовкусомсливок,"Россия, 150 г",КонфетыОРЕШКАсцельнымфундукомсовкусомсливок.png
772,ШоколадмолочныйМерси,"Германия, 100 г",ШоколадмолочныйМерси.png
773,КонфетыШокоданссфундуком,"Турция, 125 г",КонфетыШокоданссфундуком.png
774,КонфетыАдельсцельнымминдалем,"Россия, 150 г",КонфетыАдельсцельнымминдалем.png
775,ШоколадМерсимолочныйслесныморехомиминдалем,"Германия, 100 г",ШоколадМерсимолочныйслесныморехомиминдалем.png
776,РожкиСорбонсарахисомивоздушнымизернами,"Иран, 200 г",РожкиСорбонсарахисомивоздушнымизернами.png
777,ШоколадЧокоэндНатсмолочныйсцельнымфундуком,"Франция, 200 г",ШоколадЧокоэндНатсмолочныйсцельнымфундуком.png
778,ШоколадЧокоэндНатсмолочныйсцельнымминдалем,"Франция, 200 г",ШоколадЧокоэндНатсмолочныйсцельнымминдалем.png
779,ШоколадЧокоэндНатсбелыйсцельнымфундуком,"Франция, 200 г",ШоколадЧокоэндНатсбелыйсцельнымфундуком.png
780,MarkSevouniДражефундукминдальвшоколаде,"Армения, 150 г",MarkSevouniДражефундукминдальвшоколаде.png
781,Конфетыморскиеракушкисначинкойпралине,"Бельгия, 250 г",Конфетыморскиеракушкисначинкойпралине.png
782,НаборконфетЧерриссимоКлассик,"Польша, 142 г",НаборконфетЧерриссимоКлассик.png
783,ОреховаяпастаДольчеДольчи,"Турция, 350 г",ОреховаяпастаДольчеДольчи.png
784,НаборконфетШоколадорро,"Польша, 174 г",НаборконфетШоколадорро.png
785,НаборшоколадныхконфетMarkSevouniSpecial,"Армения, 165 г",НаборшоколадныхконфетMarkSevouniSpecial.png
786,МороженоеведеркоСникерс,"Россия, 340 г",МороженоеведеркоСникерс.png
787,НаборконфетSilkMarkSevouni,"Армения, 180 г",НаборконфетSilkMarkSevouni.png
788,НаборконфетLuxuryCollectionChocolatePralines,"Турция, 170 г",НаборконфетLuxuryCollectionChocolatePralines.png
789,НаборконфетСигначер,"Армения, 240 г",НаборконфетСигначер.png
790,КоллекциясухофруктовсгрецкиморехомиминдалемвшоколадеOriental,"Армения, 270 г",КоллекциясухофруктовсгрецкиморехомиминдалемвшоколадеOriental.png
791,ПирожноебисквитноесшоколаднымвкусомРусскийбисквит,"Россия, 40 г",ПирожноебисквитноесшоколаднымвкусомРусскийбисквит.png
792,Пирожноебисквитноесначинкойвассортименте,"Россия, 32 г",Пирожноебисквитноесначинкойвассортименте.png
793,СоломкасоленаяТимоша,"Россия, 100 г",СоломкасоленаяТимоша.png
794,РожокMozzyCornetсфишкой,"Турция, 25 г",РожокMozzyCornetсфишкой.png
795,БатончикОбыкновенноечудошоколадное,"Россия, 55 г",БатончикОбыкновенноечудошоколадное.png
796,Вафельнаятрубочкасварёнойсгущёнкой50г,"Россия, 50 г",Вафельнаятрубочкасварёнойсгущёнкой50г.png
797,МиникруассаныЧипикаоскремомкакао,"Россия, 50 г",МиникруассаныЧипикаоскремомкакао.png
798,Вафельнаятрубочкасваренойсгущенкой,"Россия, 70 г",Вафельнаятрубочкасваренойсгущенкой.png
799,ПеченьеDOREклубника,"Турция, 61 г",ПеченьеDOREклубника.png
800,ТрубочкавафельнаяLafineleсваренойсгущенкойГОСТ,"Россия, 70 г",ТрубочкавафельнаяLafineleсваренойсгущенкойГОСТ.png
801,ВафливенскиесземляникойАкульчев,"Россия, 100 г",ВафливенскиесземляникойАкульчев.png
802,ТараллиниNinaFarina,"Россия, 180 г",ТараллиниNinaFarina.png
803,ВафлиБисколатаДуоМакссфундуковымкремом,"Турция, 44 г",ВафлиБисколатаДуоМакссфундуковымкремом.png
804,Миникруассаны7Daysскремомкакаованиль,"Россия, 105 г",Миникруассаны7Daysскремомкакаованиль.png
805,Тортильяпшеничная,"Турция, 260 г",Тортильяпшеничная.png
806,РулетбисквитныйРусскийбисквитваренаясгущенка,"Россия, 300 г",РулетбисквитныйРусскийбисквитваренаясгущенка.png
807,ПеченьеовсяноеПосиделкиноклассическое,"Россия, 310 г",ПеченьеовсяноеПосиделкиноклассическое.png
808,ВафлиЯшкиношоколадные,"Россия, 300 г",ВафлиЯшкиношоколадные.png
809,ПеченьесдобноеКурабьеклассик,"Россия, 280 г",ПеченьесдобноеКурабьеклассик.png
810,СлойкаКарамельная,"Россия, 250 г",СлойкаКарамельная.png
811,ПеченьеОрешкисварёнойсгущёнкой,"Россия, 280 г",ПеченьеОрешкисварёнойсгущёнкой.png
812,ПеченьеТриокакаосначинкойпломбир,"Россия, 400 г",ПеченьеТриокакаосначинкойпломбир.png
813,Австрийскийштрудель,"Россия, 280 г",Австрийскийштрудель.png
814,КондитерскоеизделиеЧокоПайЛотте,"Россия, 336 г",КондитерскоеизделиеЧокоПайЛотте.png
815,ПирожноеДомовенок,"Россия, 360 г",ПирожноеДомовенок.png
816,СухарикиКириешкиржаныеВетчинаиСыр,"Россия, 40 г",СухарикиКириешкиржаныеВетчинаиСыр.png
817,СухарикиКириешкиржаныехолодецихрен,"Россия, 40 г",СухарикиКириешкиржаныехолодецихрен.png
818,СемечкиБогучарскиеобжаренныеподсоленные,"Россия, 50 г",СемечкиБогучарскиеобжаренныеподсоленные.png
819,Семечкижареные,"Россия, 90 г",Семечкижареные.png
820,КолбаскаПиколини,"Россия, 23 г",КолбаскаПиколини.png
821,СухарикиКириешкиМакси,"Россия, 60 г",СухарикиКириешкиМакси.png
822,КрекерКириешкиСнекиты,"Россия, 60 г",КрекерКириешкиСнекиты.png
823,СемечкижареныесоленыеВкусморя,"Россия, 85 г",СемечкижареныесоленыеВкусморя.png
824,АрахисжареныйсоленыйSUS,"Россия, 50 г",АрахисжареныйсоленыйSUS.png
825,Арахисжареныйсоленыйсовкусомвареныхраков,"Россия, 50 г",Арахисжареныйсоленыйсовкусомвареныхраков.png
826,Арахисжареныйсоленыйсовкусомсыра,"Россия, 50 г",Арахисжареныйсоленыйсовкусомсыра.png
827,БелковожировойпродукткопченыйСыркач,"Россия, 30 г",БелковожировойпродукткопченыйСыркач.png
828,СухарикиржаныеТриКорочкисемгаисырсоус,"Россия, 60 г",СухарикиржаныеТриКорочкисемгаисырсоус.png
829,СухарикиржаныеКириешкишашлыккетчуп,"Россия, 60 г",СухарикиржаныеКириешкишашлыккетчуп.png
830,СухарикиржаныеКириешкичизбургерсырныйсоус,"Россия, 60 г",СухарикиржаныеКириешкичизбургерсырныйсоус.png
831,СемечкиБабкинысемечкиссолью,"Россия, 100 г",СемечкиБабкинысемечкиссолью.png
832,СемечкиБабкинысемечки,"Россия, 100 г",СемечкиБабкинысемечки.png
833,Ушисвиныекпивувассортименте,"Россия, 100 г",Ушисвиныекпивувассортименте.png
834,ГренкиБиркаБородинскиечеснокукроп,"Россия, 60 г",ГренкиБиркаБородинскиечеснокукроп.png
835,СнекМиксЧакасовкусомвасаби,"Россия, 50 г",СнекМиксЧакасовкусомвасаби.png
836,АнчоуссушеновяленыйBEERka,"Россия, 25 г",АнчоуссушеновяленыйBEERka.png
837,Кукурузныешарикисовкусомсыра,"Россия, 100 г",Кукурузныешарикисовкусомсыра.png
838,ЧипсыХрустящийКартофель,"Россия, 70 г",ЧипсыХрустящийКартофель.png
839,УшисвиныеКлассическиеву,"Россия, 100 г",УшисвиныеКлассическиеву.png
840,ЯнтарнаярыбкасперцемТиксы,"Россия, 36 г",ЯнтарнаярыбкасперцемТиксы.png
841,УшкисвиныеМексиканскиекопченовареный,"Россия, 100 г",УшкисвиныеМексиканскиекопченовареный.png
842,СеменатыквыТыковкажареныеотборные,"Россия, 40 г",СеменатыквыТыковкажареныеотборные.png
843,СемечкиОтМартинаотборные,"Россия, 100 г",СемечкиОтМартинаотборные.png
844,СемечкиОтМартинаотборныеполосатыессолью,"Россия, 75 г",СемечкиОтМартинаотборныеполосатыессолью.png
845,ЧипсыРусскаякартошкаСметанаиУкроп,"Россия, 80 г",ЧипсыРусскаякартошкаСметанаиУкроп.png
846,КолбаскиПиколиниАджикасырокопченые,"Россия, 50 г",КолбаскиПиколиниАджикасырокопченые.png
847,ЧипсыРусскаякартошкасовкусомКурицы,"Россия, 80 г",ЧипсыРусскаякартошкасовкусомКурицы.png
848,СемечкиОтМартинаотборныесморскойсолью,"Россия, 100 г",СемечкиОтМартинаотборныесморскойсолью.png
849,КолбаскиПиколиниХамонсырокопченые,"Россия, 50 г",КолбаскиПиколиниХамонсырокопченые.png
850,ВобласоломкаЧистоеморе,"Россия, 40 г",ВобласоломкаЧистоеморе.png
851,Фруктовыеяблочныечипсы,"Армения, 25 г",Фруктовыеяблочныечипсы.png
852,РыбкаТаранкасоломкасперцемЧистоеморе,"Россия, 40 г",РыбкаТаранкасоломкасперцемЧистоеморе.png
853,СемечкижареныесоленыеАссорти,"Россия, 120 г",СемечкижареныесоленыеАссорти.png
854,Семечкиочищенныетыквенныесоленые,"Россия, 35 г",Семечкиочищенныетыквенныесоленые.png
855,ЧипсыОнегапластинки,"Беларусь, 90 г",ЧипсыОнегапластинки.png
856,ЧипсыМосковскийкартофельЛисичкивсливочномсоусе,"Россия, 70 г",ЧипсыМосковскийкартофельЛисичкивсливочномсоусе.png
857,АрахисжареныйсоленыйSus200г,"Россия, 200 г",АрахисжареныйсоленыйSus200г.png
858,ЧипсыМосковскийкартофельсовкусомсыра,"Россия, 70 г",ЧипсыМосковскийкартофельсовкусомсыра.png
859,ЧипсыкартофельныеJustBrutal,"Беларусь, 80 г",ЧипсыкартофельныеJustBrutal.png
860,ЧипсыкартофельныеJustBrutalвассортименте,"Беларусь, 80 г",ЧипсыкартофельныеJustBrutalвассортименте.png
861,ЧипсыНачоссовкусомсладкоготайскогоперца,"Россия, 150 г",ЧипсыНачоссовкусомсладкоготайскогоперца.png
862,КальмарвяленыйпошанхайскиЧистоеморе,"Россия, 70 г",КальмарвяленыйпошанхайскиЧистоеморе.png
863,КальмарсушеныйстружкаЧистоеморе,"Россия, 40 г",КальмарсушеныйстружкаЧистоеморе.png
864,МясокальмаравяленоеТиксы,"Россия, 50 г",МясокальмаравяленоеТиксы.png
865,КальмарсушеныйполоскиЧистоеморе,"Россия, 40 г",КальмарсушеныйполоскиЧистоеморе.png
866,СтружкапутассуСухогрузсушеновяленая,"Россия, 36 г",СтружкапутассуСухогрузсушеновяленая.png
867,ГренкиДобрыноввассортиментевкусыкрабтоматизелень,"Россия, 100 г",ГренкиДобрыноввассортиментевкусыкрабтоматизелень.png
868,АрахисCrassshStrongвоболочкесовкусомостройкурицы,"Венгрия, 60 г",АрахисCrassshStrongвоболочкесовкусомостройкурицы.png
869,АрахисCrassshStrongвоболочкесовкусомсырхалапеньо,"Венгрия, 60 г",АрахисCrassshStrongвоболочкесовкусомсырхалапеньо.png
870,Чипсымясныеизиндейкисчернымперцем,"Россия, 25 г",Чипсымясныеизиндейкисчернымперцем.png
871,ЧипсымясныеМитХаусизсвинины,"Россия, 50 г",ЧипсымясныеМитХаусизсвинины.png
872,Гренкиржаныесчесноком,"Россия, 100 г",Гренкиржаныесчесноком.png
873,СтавридкаСухогрузсушеновяленая,"Россия, 36 г",СтавридкаСухогрузсушеновяленая.png
874,ГорбушасоломкаЧистоеморе,"Россия, 40 г",ГорбушасоломкаЧистоеморе.png
875,КолбаскисырокопченыеДымчикиоригинальные,"Россия, 70 г",КолбаскисырокопченыеДымчикиоригинальные.png
876,ГренкиДобрыновДеревенскиесчесноком,"Россия, 100 г",ГренкиДобрыновДеревенскиесчесноком.png
877,КурицасушенаяSnacker,"Россия, 30 г",КурицасушенаяSnacker.png
878,МиндальобжаренныйсоленыйСемушка,"Россия, 50 г",МиндальобжаренныйсоленыйСемушка.png
879,ФундукжареныйСемушка,"Россия, 50 г",ФундукжареныйСемушка.png
880,КешьюжареныйсоленыйСемушка,"Россия, 50 г",КешьюжареныйсоленыйСемушка.png
881,КолбаскиПивчикиск,"Россия, 95 г",КолбаскиПивчикиск.png
882,КолбаскисырокопченыекуриныеКабанос,"Россия, 70 г",КолбаскисырокопченыекуриныеКабанос.png
883,ФисташкижареныесоленыеАзияФуд,"Россия, 50 г",ФисташкижареныесоленыеАзияФуд.png
884,КольцакальмарасовкусомкрабаТиксы,"Россия, 70 г",КольцакальмарасовкусомкрабаТиксы.png
885,ЧипсыМосковскийкартофельсовкусомБекона,"Россия, 130 г",ЧипсыМосковскийкартофельсовкусомБекона.png
886,МинтайфилеломтикиBEERka,"Россия, 70 г",МинтайфилеломтикиBEERka.png
887,Воблавяленаявву,"Россия, 100 г",Воблавяленаявву.png
888,ЧипсыМосковскийкартофельсовкусомлукаисметаны,"Россия, 130 г",ЧипсыМосковскийкартофельсовкусомлукаисметаны.png
889,ПеруанскийкальмарфилекольцаBEERka,"Россия, 70 г",ПеруанскийкальмарфилекольцаBEERka.png
890,ЧипсыкартофельныеPotatochipsсовкусомбарбекю,"Китай, 100 г",ЧипсыкартофельныеPotatochipsсовкусомбарбекю.png
891,ЖелтыйполосатикЧистоеморе,"Россия, 70 г",ЖелтыйполосатикЧистоеморе.png
892,Фисташкижареныесоленые,"Россия, 50 г",Фисташкижареныесоленые.png
893,ЧипсыРусскаякартошкасметанаилук200г,"Россия, 200 г",ЧипсыРусскаякартошкасметанаилук200г.png
894,КальмарСухогрузсушеный,"Россия, 70 г",КальмарСухогрузсушеный.png
895,ЖелтыйполосатикСухогруз,"Россия, 70 г",ЖелтыйполосатикСухогруз.png
896,КолбаскиполукопченыеЧешские,"Россия, 260 г",КолбаскиполукопченыеЧешские.png
897,Коктейльореховофруктовый,"Россия, 150 г",Коктейльореховофруктовый.png
898,ФисташкижареныесоленыеАзияФуд,"Россия, 150 г",ФисташкижареныесоленыеАзияФуд.png
899,Фисташкижареныесоленые,"Россия, 150 г",Фисташкижареныесоленые.png
900,Парогенератор2000CnptShiftмалинаарбуз,"Китай, 1 шт",Парогенератор2000CnptShiftмалинаарбуз.png
901,Парогенератор2000CnptShiftкокосовыйром,"Китай, 1 шт",Парогенератор2000CnptShiftкокосовыйром.png
902,Парогенератор2000CnptShiftягодныймикс,"Китай, 1 шт",Парогенератор2000CnptShiftягодныймикс.png
903,Парогенератор2000CnptShiftВиноградчёрнаясмородина,"Китай, 1 шт",Парогенератор2000CnptShiftВиноградчёрнаясмородина.png
904,ПарогенераторiForceЧерникаМалина,"Китай, 1 шт",ПарогенераторiForceЧерникаМалина.png
905,ПарогенераторiForceКислоеЯблоко,"Китай, 1 шт",ПарогенераторiForceКислоеЯблоко.png
906,ПарогенераторiForceГуаваМаракуйя,"Китай, 1 шт",ПарогенераторiForceГуаваМаракуйя.png
907,ПарогенераторiForceКлубничныйКоктейль,"Китай, 1 шт",ПарогенераторiForceКлубничныйКоктейль.png
908,УстройствоLilSolidbyIQOS20,"Малайзия, 1 шт",УстройствоLilSolidbyIQOS20.png
909,GLOX2Black,"Россия, 1 шт",GLOX2Black.png
910,НаборGLOX2устройство2пачкистиков,"Россия, 1 шт",НаборGLOX2устройство2пачкистиков.png
911,УстройствоIQOS3DUOSчерный,"Китай, 1 шт",УстройствоIQOS3DUOSчерный.png
912,Угольдлякальяна,"Россия, 250 г",Угольдлякальяна.png
913,ТабакMustHavePinkmanароматрозовыхфруктовиягод,"Россия, 25 г",ТабакMustHavePinkmanароматрозовыхфруктовиягод.png
914,ТабакMustHaveMelonadeароматарбузаидыни,"Россия, 25 г",ТабакMustHaveMelonadeароматарбузаидыни.png
915,ПакетмайкаКрасноеБелое,"Россия, 1 шт",ПакетмайкаКрасноеБелое.png
916,Пакетчерный,"Россия, 1 шт",Пакетчерный.png
917,ИгрушкаПрыжоквкосмос,Китай,ИгрушкаПрыжоквкосмос.png
918,МинисквишиУжастики,"Китай, 1 шт",МинисквишиУжастики.png
919,ИгрушкатянучкаМонстроСтрейч,"Китай, 1 шт",ИгрушкатянучкаМонстроСтрейч.png
920,ВлажныесалфеткиАураантибактериальные,"Россия, 20 шт",ВлажныесалфеткиАураантибактериальные.png
921,Стаканбумажныйодноразовый6шт250мл,"Россия, 6 шт",Стаканбумажныйодноразовый6шт250мл.png
922,Сумкадляпокупок38х45х16см,"Россия, 1 шт",Сумкадляпокупок38х45х16см.png
923,ИгрушкатянучкаЛипучиепаучки,"Китай, 1 шт",ИгрушкатянучкаЛипучиепаучки.png
924,Подарочныйпакет33х27х12,"Россия, 1 шт",Подарочныйпакет33х27х12.png
925,Пакетподарочный,"Россия, 1 шт",Пакетподарочный.png
926,Пакетпододнубутылку,"Россия, 1 шт",Пакетпододнубутылку.png
927,Пакетыпрочныедлямусорасзавязками,"Россия, 10 шт",Пакетыпрочныедлямусорасзавязками.png
928,ИгрушкаНочныеохотники,"Китай, 1 шт",ИгрушкаНочныеохотники.png
929,ИгрушкаНиндзялипучка,"Китай, 1 шт",ИгрушкаНиндзялипучка.png
930,ГосударственнаялотереяСпортлото6из45,"Россия, 1 шт",ГосударственнаялотереяСпортлото6из45.png
931,БатарейкиалкалиновыеААLR6пальчиковые4шт,"Китай, 4 шт",БатарейкиалкалиновыеААLR6пальчиковые4шт.png
932,БатарейкиалкалиновыеAAALR03мизинчиковые4шт,"Китай, 4 шт",БатарейкиалкалиновыеAAALR03мизинчиковые4шт.png
933,Туалетнаябумага3слоя4рулона,"Россия, 4 шт",Туалетнаябумага3слоя4рулона.png
934,ИгрушкаКриперсы,"Китай, 1 шт",ИгрушкаКриперсы.png
935,Кубголоволомка3Dблоки,"Китай, 1 шт",Кубголоволомка3Dблоки.png
936,Штопорвинныйизнержавеющейсталичерный,"Китай, 1 шт",Штопорвинныйизнержавеющейсталичерный.png
937,ПерчаткитрикотажныесПВХ,"Россия, 3 шт",ПерчаткитрикотажныесПВХ.png
938,НастольнаяиграМячвкорзине,"Китай, 1 шт",НастольнаяиграМячвкорзине.png
939,ИгрушкавкапсулеПожарнаятехника,"Китай, 1 шт",ИгрушкавкапсулеПожарнаятехника.png
940,ИгрушкаМонстрикивертушки,"Китай, 1 шт",ИгрушкаМонстрикивертушки.png
941,ПрезервативыinTimeFineгладкие,"Индия, 3 шт",ПрезервативыinTimeFineгладкие.png
942,ИгрушкаконструкторДиноСкелет,"Китай, 1 шт",ИгрушкаконструкторДиноСкелет.png
943,ИгрушказаводнаяКоргипловец,"Китай, 1 шт",ИгрушказаводнаяКоргипловец.png
944,БатарейкиGPААпальчиковые,"Китай, 4 шт",БатарейкиGPААпальчиковые.png
945,БатарейкиGPАААмизинчиковые,"Китай, 4 шт",БатарейкиGPАААмизинчиковые.png
946,ГосударственнаялотереяРусскоеЛото,"Россия, 1 шт",ГосударственнаялотереяРусскоеЛото.png
947,ИгрушкаМонстрФлекс,"Китай, 1 шт",ИгрушкаМонстрФлекс.png
948,ПроекторСтрашилкинаночь,"Китай, 1 шт",ПроекторСтрашилкинаночь.png
949,ИгрушкаХэллоуинскиезверята,"Китай, 1 шт",ИгрушкаХэллоуинскиезверята.png
950,ИгрушкамягконабивнаяСпящийзверек,"Китай, 1 шт",ИгрушкамягконабивнаяСпящийзверек.png
951,НовогоднийподарокДракоша,"Россия, 1 шт",НовогоднийподарокДракоша.png
952,КормЧаммипремиумпаучТелятина,"Россия, 85 г",КормЧаммипремиумпаучТелятина.png
953,КормЧаммипремиумпаучКроликиИндейка,"Россия, 85 г",КормЧаммипремиумпаучКроликиИндейка.png
954,КормЧаммипремиумпаучМясноеассорти,"Россия, 85 г",КормЧаммипремиумпаучМясноеассорти.png
955,КормЧаммипремиумпаучИндейка,"Россия, 85 г",КормЧаммипремиумпаучИндейка.png
